id,attrition,gender,age,maritalstatus,years_experience,years_experience_lastorganization,sector,department,jobtitle,monthlysalary,allowances,medicalinsurance,bonus,overtime,payment_overtime,rewards&wages_satisfaction,get__deserved_promotion,training_programs__during_last_three_years,useful_training_programs,business_travel,job_support,recognition,emotional_commitment,job_engagement,distance_to_work,work_live_balance,physical_stress,psychological_exhaustion,job_stability,health_issues,environment_satisfaction,job_satisfaction,job_opportunities,academic_degree_numeric
11, Yes,Female,31 to 40, Married, Less than 5 years, Less than 5 years,Medical sector,Accounting,Accountant, From 5000 to 10000 S.R ,2, No,No, No, I don't have overtime, Yes,Yes, From 1 to 3 training programs, Yes, I do not travel for work,Medium,No, Medium,Medium, Medium, Medium, Yes, No, No, Yes,Medium, Not satisfied,Yes,4
12, No,Female,21 to 30 , Single,Less than 5 years, Less than 5 years,Medical sector,Accounting,Accountant,From 11000 to 15000 S.R,2,Yes,Yes, No, I don't have overtime, Yes,Yes, From 1 to 3 training programs, Yes, Travel rarely,Medium, Yes, Medium,Medium, Medium, Medium, No, No, Yes, No,Medium, Satisfied, No,4
80, Yes, Male,31 to 40, Married, From 5 to 10 years, Less than 5 years,Medical sector, Technical support,IT specialist , From 5000 to 10000 S.R ,2,Yes,Yes, No, I don't have overtime, No, No, I did not receive any training,No, Travel rarely,Medium,No,Low,Medium, Medium, Medium, Sometimes, Yes, Yes, No,Medium, Not satisfied, No,1
99, Yes, Male,41 to 50, Married, From 11 to 15 years, Less than 5 years,Medical sector, Processes,Consultant, S.R 31000 - and more,2,Yes,No,Yes, No, No,Yes,From 4 to 6 training programs, Yes, Travel frequently,Medium, Yes, Medium,Medium, Close, Medium, Yes, Sometimes, No, No,Medium, Not satisfied,Yes,5
107, Yes,Female,51 to 60 , Married,From 26 to 30 years,From 5 to 10 years,Medical sector,Patient Affairs,Doctor, From 5000 to 10000 S.R ,0,Yes,No,Yes, Yes, No, No, From 1 to 3 training programs, Yes, I do not travel for work,Medium, Yes, High, Easy, Close,Easy, Sometimes, Sometimes, No, No,Medium, Satisfied,Yes,5
112, No,Female,31 to 40, Single,From 5 to 10 years,From 5 to 10 years,Medical sector,Patient Affairs,Doctor,From 21000 to 25000 S.R,2,Yes,No, No, No, No, No, From 1 to 3 training programs, Yes, Travel rarely, High,No,Low, Easy, Medium,Difficult, Yes, Yes, No, No, High, Satisfied, No,4
130, Yes,Female,21 to 30 , Single, From 5 to 10 years, Less than 5 years,Medical sector,Marketing,Marketing Specialist,Less than 5000 SAR,0,Yes,Yes, No, I don't have overtime, No, No, I did not receive any training,No, I do not travel for work, Low, Yes, Medium,Medium, Close, Medium, Yes, Yes, Yes, No,Medium, Satisfied,Yes,3
138, Yes,Female,21 to 30 , Single, From 5 to 10 years,From 5 to 10 years,Medical sector,Customers service,Customer services representative, From 5000 to 10000 S.R ,2,Yes,Yes,Yes, No, Yes, No, I did not receive any training,No, I do not travel for work, Low, Yes, High, Easy, Medium,Difficult, Sometimes, Yes, Yes, No, High, Not satisfied, No,1
144, Yes,Female,21 to 30 ,Married, Less than 5 years, Less than 5 years,Medical sector,Customers service,Customer services representative,Less than 5000 SAR,0,Yes,No,Yes, No, No, No, I did not receive any training,No, I do not travel for work, Low,No, Medium, Difficult, Close, Medium, Yes, Yes, Yes, No,Low, Satisfied, No,3
146, Yes, Male,21 to 30 , Single, Less than 5 years, Less than 5 years,Medical sector,Accounting,Accountant,Less than 5000 SAR,0, No,No, No, No, No, No, I did not receive any training,No, Travel frequently, Low,No,Low, Difficult,Far,Difficult, Yes, Yes, No, No,Low, Satisfied, No,1
147, Yes,Female,51 to 60 ,Married, From 11 to 15 years, From 11 to 15 years,Medical sector, Administration,Secretariat, From 5000 to 10000 S.R ,3,Yes,No, No, I don't have overtime, Yes, No, From 1 to 3 training programs,No, I do not travel for work, Low,No, High, Difficult, Medium, Medium, No, Sometimes, No, No,Low, Satisfied, No,3
152, No,Female,21 to 30 , Single,Less than 5 years, Less than 5 years,Medical sector, Relations,Relationships Specialist,Less than 5000 SAR,0,Yes,No, No, I don't have overtime, No, No, I did not receive any training,No, Travel rarely, Low,No, Medium,Medium, Medium,Difficult, Yes, Yes, No, No,Medium, Satisfied,Yes,3
153, No,Female,21 to 30 , Single,Less than 5 years, Less than 5 years,Medical sector,Customers service,Customer services representative, From 5000 to 10000 S.R ,3,Yes,Yes,Yes, Yes, Yes,Yes, I did not receive any training,No, I do not travel for work, High, Yes, High,Medium, Close, Medium, Yes, Yes, Yes, No, High, Very satisfied, No,1
166, Yes,Female,21 to 30 , Single, Less than 5 years, Less than 5 years,Medical sector,Patient Affairs,Nurse,Less than 5000 SAR,2,Yes,Yes,Yes, Yes, No, No, From 1 to 3 training programs, Yes, I do not travel for work,Medium,No,Low,Medium, Close, Medium, Yes, Yes, No, Yes,Medium, Not satisfied, No,3
167, Yes,Female,31 to 40, Single, Less than 5 years, Less than 5 years,Medical sector, Processes,Data entry operator,Less than 5000 SAR,2,Yes,No, No, No, No, No, I did not receive any training,No, I do not travel for work, Low,No, Medium, Difficult, Close, Medium, Yes, Sometimes, No, No, High, Not satisfied, No,3
173, No, Male,31 to 40, Married,From 11 to 15 years, From 11 to 15 years,Medical sector, Administration,Administrative manager, From 5000 to 10000 S.R ,0,Yes,Yes,Yes, Yes, No, No, From 1 to 3 training programs,No, Travel frequently,Medium,No, High, Difficult, Close, Medium, Sometimes, Yes, No, Yes,Medium, Not satisfied,Yes,3
174, Yes,Female,31 to 40, Married, Less than 5 years, Less than 5 years,Medical sector,Patient Affairs,Nurse, From 5000 to 10000 S.R ,1,Yes,No, No, I don't have overtime, Yes, No, I did not receive any training,No, I do not travel for work,Medium,No, Medium,Medium, Medium, Medium, Sometimes, No, No, No,Medium, Satisfied,Yes,3
179, Yes,Female,21 to 30 , Single, Less than 5 years, Less than 5 years,Medical sector, Sales,Salesman,Less than 5000 SAR,0, No,Yes, No, No, No, No, From 1 to 3 training programs, Yes, I do not travel for work,Medium, Yes, Medium,Medium,Far, Medium, Yes, Yes, Yes, Yes,Medium, Satisfied, No,1
184, No, Male,31 to 40, Married,Less than 5 years, Less than 5 years,Medical sector,Patient Affairs,Doctor, From 16000 to 20000 S.R,3,Yes,Yes, No, No, Yes,Yes, From 1 to 3 training programs, Yes, Travel rarely,Medium, Yes, High,Medium, Medium, Medium, Sometimes, Sometimes, Yes, No,Medium, Satisfied, No,4
185, Yes,Female,51 to 60 , Single,From 16 to 20 years, From 11 to 15 years,Medical sector,Patient Affairs,Doctor, From 26000 to 30000 S.R,2, No,No,Yes, No, Yes, No, I did not receive any training,No, Travel rarely, Low,No,Low, Difficult, Close, Medium, Yes, Sometimes, No, No, High, Satisfied, No,5
186, No,Female,31 to 40, Single,Less than 5 years, Less than 5 years,Medical sector,Patient Affairs,Nurse,Less than 5000 SAR,0,Yes,No, No, No, Yes,Yes, I did not receive any training,No, Travel rarely,Medium, Yes, High, Easy, Close,Easy, No, No, Yes, No, High, Very satisfied,Yes,3
187, No,Female,21 to 30 , Single,Less than 5 years, Less than 5 years,Medical sector,Customers service,Receptionist,Less than 5000 SAR,0, No,No,Yes, No, No, No, I did not receive any training, Yes, I do not travel for work,Medium,No, Medium,Medium, Medium,Difficult, Yes, Sometimes, No, No, High, Satisfied, No,3
188, Yes,Female,31 to 40, Single, From 5 to 10 years, Less than 5 years,Medical sector, Administration,Secretariat,Less than 5000 SAR,0,Yes,Yes, No, I don't have overtime, Yes, No, From 1 to 3 training programs, Yes, I do not travel for work,Medium, Yes, High,Medium, Medium,Easy, Sometimes, Sometimes, No, No, High, Very satisfied, No,3
189, No,Female,21 to 30 , Single,Less than 5 years, Less than 5 years,Medical sector,Patient Affairs,Nurse,Less than 5000 SAR,0, No,No, No, No, Yes,Yes, I did not receive any training, Yes, Travel rarely,Medium, Yes, Medium,Medium, Medium, Medium, Sometimes, No, Yes, No,Medium, Satisfied,Yes,3
197, No,Female,31 to 40, Single,From 5 to 10 years,From 5 to 10 years,Medical sector,Patient Affairs,Doctor, From 5000 to 10000 S.R ,2,Yes,No, No, No, No,Yes, I did not receive any training,No, Travel rarely,Medium, Yes, Medium,Medium, Medium, Medium, Yes, Yes, No, Yes,Medium, Satisfied, No,3
219, No,Female,41 to 50,Married,From 5 to 10 years,From 5 to 10 years,Medical sector,Patient Affairs,Doctor, S.R 31000 - and more,2, No,No,Yes, No, Yes, No, I did not receive any training,No, Travel frequently, Low,No,Low,Medium, Medium, Medium, No, No, Yes, No,Medium, Satisfied,Yes,5
220, No,Female,41 to 50,Married,From 5 to 10 years,From 5 to 10 years,Medical sector,Patient Affairs,Doctor, From 26000 to 30000 S.R,2, No,No, No, I don't have overtime, No, No, I did not receive any training,No, Travel frequently, Low,No, Medium,Medium, Medium, Medium, Sometimes, Sometimes, Yes, Yes,Medium, Satisfied,Yes,5
225, No,Female,51 to 60 , Married,From 21 to 25 years,From 21 to 25 years,Medical sector,Patient Affairs,Doctor, S.R 31000 - and more,2,Yes,No,Yes, No, Yes, No, From 1 to 3 training programs, Yes, Travel frequently,Medium, Yes, Medium, Easy,Far,Difficult, Sometimes, Sometimes, Yes, No,Medium, Satisfied,Yes,5
227, Yes,Female,51 to 60 ,Married,From 16 to 20 years, Less than 5 years,Medical sector, Processes,Consultant, S.R 31000 - and more,1,Yes,No, No, I don't have overtime, No, No, I did not receive any training,No, I do not travel for work, High, Yes, High, Easy, Close,Easy, No, Sometimes, No, No, High, Satisfied,Yes,5
228, Yes, Male,31 to 40, Married, From 11 to 15 years, Less than 5 years,Medical sector,Administration,Administrative manager,Less than 5000 SAR,3,Yes,Yes,Yes, Yes, Yes,Yes,From 4 to 6 training programs, Yes, Travel rarely, High, Yes, High, Difficult,Far,Difficult, Yes, Yes, Yes, Yes, High, Very satisfied,Yes,4
229, Yes,Female,31 to 40, Single, From 11 to 15 years, Less than 5 years,Medical sector, Administration,Administrative manager,Less than 5000 SAR,2,Yes,No, No, I don't have overtime, No, No, I did not receive any training,No, I do not travel for work, Low, Yes,Low,Medium, Close,Easy, Sometimes, Sometimes, No, No,Low, Not satisfied,Yes,3
230, Yes,Female,31 to 40, Married, From 5 to 10 years, Less than 5 years,Medical sector, Administration,Manger assistant,Less than 5000 SAR,0, No,No, No, I don't have overtime, No, No, From 1 to 3 training programs, Yes, I do not travel for work,Medium,No, Medium,Medium, Close, Medium, No, No, No, No,Medium, Satisfied, No,3
237, No,Female,21 to 30 , Single,Less than 5 years, Less than 5 years,Medical sector,Patient Affairs,Pharmacist, From 5000 to 10000 S.R ,0,Yes,No,Yes, No, Yes, No, I did not receive any training, Yes, I do not travel for work,Medium, Yes, Medium,Medium, Medium, Medium, Yes, Sometimes, Yes, No,Medium, Satisfied,Yes,3
238, Yes, Male,51 to 60 , Married,From 26 to 30 years,From 5 to 10 years,Medical sector,Patient Affairs,Pharmacist, From 5000 to 10000 S.R ,1,Yes,No,Yes, Yes, Yes,Yes, From 1 to 3 training programs, Yes, I do not travel for work,Medium, Yes, High,Medium, Medium, Medium, Sometimes, No, Yes, No,Medium, Very satisfied,Yes,3
239, Yes, Male,31 to 40, Married, From 11 to 15 years, Less than 5 years,Medical sector,Patient Affairs,Pharmacist,Less than 5000 SAR,2, No,No,Yes, Yes, Yes, No, From 1 to 3 training programs, Yes, I do not travel for work,Medium, Yes, High, Easy, Close, Medium, Yes, Sometimes, Yes, No, High, Satisfied,Yes,5
240, No,Female,21 to 30 , Single,Less than 5 years, Less than 5 years,Medical sector, Administration,Reports Manager, From 5000 to 10000 S.R ,2,Yes,No, No, Yes, No, No, From 1 to 3 training programs, Yes, I do not travel for work,Medium, Yes, Medium,Medium, Close, Medium, Sometimes, Sometimes, No, No,Medium, Satisfied,Yes,3
241, Yes,Female,31 to 40, Married, Less than 5 years, Less than 5 years,Medical sector,Patient Affairs,Doctor, From 5000 to 10000 S.R ,1,Yes,No, No, Yes, No, No, I did not receive any training,No, I do not travel for work,Medium, Yes, Medium,Medium, Close,Difficult, Sometimes, Sometimes, No, Yes,Medium, Not satisfied, No,3
242, No,Female,21 to 30 , Married,Less than 5 years, Less than 5 years,Medical sector,Patient Affairs,Doctor, From 5000 to 10000 S.R ,1,Yes,No, No, No, No, No, I did not receive any training,No, I do not travel for work,Medium,No, Medium,Medium, Close,Difficult, Yes, Yes, No, No,Medium, Not satisfied, No,3
243, Yes, Male,41 to 50, Married,From 21 to 25 years,From 5 to 10 years,Medical sector,Medical service,Supervisor, From 5000 to 10000 S.R ,0,Yes,No,Yes, Yes, Yes,Yes, From 1 to 3 training programs, Yes, Travel rarely, High, Yes, High, Easy, Medium,Easy, Yes, No, Yes, No, High, Very satisfied,Yes,1
245, No,Female,21 to 30 , Single,Less than 5 years, Less than 5 years,Medical sector,Patient Affairs,Radiographer ,Less than 5000 SAR,0,Yes,No,Yes, Yes, No, No, I did not receive any training, Yes, I do not travel for work, Low,No, High,Medium, Close, Medium, Yes, Yes, No, No,Low, Not satisfied,Yes,3
246, No,Female,31 to 40, Single,Less than 5 years, Less than 5 years,Medical sector,Patient Affairs,Nurse,Less than 5000 SAR,0,Yes,No, No, Yes, No, No, I did not receive any training,No, I do not travel for work, Low,No,Low, Easy, Close, Medium, No, No, No, No, High, Not satisfied, No,3
247, Yes,Female,21 to 30 , Single, From 5 to 10 years, Less than 5 years,Medical sector,Patient Affairs,Radiographer,Less than 5000 SAR,0, No,No,Yes, Yes, No, No, I did not receive any training,No, I do not travel for work, Low,No,Low, Difficult, Medium,Difficult, Yes, Sometimes, No, No,Low, Not satisfied,Yes,3
250, Yes,Female,21 to 30 , Single, Less than 5 years, Less than 5 years,Medical sector,Patient Affairs,Nurse,Less than 5000 SAR,0, No,No,Yes, No, No, No, From 1 to 3 training programs, Yes, I do not travel for work, Low,No, Medium, Difficult, Close,Difficult, Sometimes, Sometimes, No, No,Low, Not satisfied, No,3
251, Yes, Male,31 to 40, Married, From 11 to 15 years, Less than 5 years,Medical sector,Patient Affairs,Nurse,Less than 5000 SAR,1,Yes,Yes,Yes, Yes, No, No, From 1 to 3 training programs, Yes, I do not travel for work,Medium,No, Medium,Medium, Medium,Difficult, Sometimes, Sometimes, No, No,Medium, Satisfied, No,3
255, Yes,Female,21 to 30 , Single, From 5 to 10 years,From 5 to 10 years,Medical sector,Administration,Manger assistant, From 5000 to 10000 S.R ,1,Yes,No, No, No, No, No, From 1 to 3 training programs,No, I do not travel for work,Medium, Yes, Medium,Medium, Close,Easy, Yes, Yes, No, No,Low, Not satisfied,Yes,3
256, Yes,Female,21 to 30 , Single, Less than 5 years, Less than 5 years,Medical sector,Patient Affairs,Dentist, From 5000 to 10000 S.R ,1,Yes,No, No, I don't have overtime, Yes,Yes, From 1 to 3 training programs, Yes, Travel rarely, High, Yes, High, Easy, Close,Easy, Yes, No, Yes, No, High, Very satisfied, No,3
258, No,Female,21 to 30 , Married,Less than 5 years, Less than 5 years,Medical sector,Customers service,Customer services representative,Less than 5000 SAR,1,Yes,No, No, I don't have overtime, No, No, I did not receive any training,No, I do not travel for work,Medium,No, Medium,Medium, Close, Medium, Sometimes, No, Yes, No,Low, Satisfied, No,3
262, No,Female,31 to 40, Single,From 5 to 10 years,From 5 to 10 years,Medical sector,Customers service,Receptionist, From 5000 to 10000 S.R ,1,Yes,No, No, No, Yes, No, From 1 to 3 training programs, Yes, I do not travel for work,Medium, Yes, Medium,Medium, Close,Easy, No, No, Yes, No, High, Very satisfied, No,3
263, Yes,Female,21 to 30 , Single, Less than 5 years, Less than 5 years,Medical sector,Patient Affairs,Data entry operator,Less than 5000 SAR,0,Yes,No, No, I don't have overtime, No, No, From 1 to 3 training programs, Yes, Travel rarely,Medium, Yes, High,Medium, Close, Medium, Sometimes, Sometimes, No, No,Medium, Satisfied,Yes,3
264, No,Female,21 to 30 , Single,Less than 5 years, Less than 5 years,Medical sector,Patient Affairs,Dentist, From 5000 to 10000 S.R ,1,Yes,Yes, No, I don't have overtime, Yes,Yes, I did not receive any training, Yes, I do not travel for work, High, Yes, High, Easy, Medium, Medium, Yes, No, Yes, No, High, Very satisfied,Yes,3
265, No,Female,21 to 30 , Single,Less than 5 years, Less than 5 years,Medical sector,Patient Affairs,Nurse,Less than 5000 SAR,1,Yes,No,Yes, Yes, No, No, From 1 to 3 training programs,No, I do not travel for work,Medium, Yes, Medium,Medium,Far, Medium, Sometimes, Sometimes, Yes, No,Medium, Satisfied,Yes,3
266, No,Female,21 to 30 , Single,From 5 to 10 years,From 5 to 10 years,Medical sector,Customers service,Supervisor, From 5000 to 10000 S.R ,2,Yes,Yes,Yes, Yes, No,Yes, From 1 to 3 training programs, Yes, I do not travel for work,Medium, Yes, High,Medium, Medium, Medium, No, Yes, No, No,Medium, Satisfied, No,3
271, Yes,Female,31 to 40,Married, From 5 to 10 years, Less than 5 years,Medical sector,Patient Affairs,Data entry operator,Less than 5000 SAR,2, No,No, No, I don't have overtime, No, No,From 4 to 6 training programs, Yes, I do not travel for work,Medium,No,Low, Easy, Close,Easy, Yes, Yes, No, No,Medium, Not satisfied,Yes,1
272, Yes,Female,21 to 30 , Single, From 5 to 10 years, Less than 5 years,Medical sector,Patient Affairs,Receptionist,Less than 5000 SAR,1,Yes,No,Yes, Yes, No, No, I did not receive any training,No, I do not travel for work,Medium,No,Low,Medium, Medium, Medium, Sometimes, Yes, No, No,Low, Not satisfied, No,3
273, No,Female,31 to 40, Single,From 5 to 10 years,From 5 to 10 years,Medical sector,Customers service,Receptionist,Less than 5000 SAR,2,Yes,No, No, Yes, No, No, I did not receive any training,No, I do not travel for work,Medium,No, High,Medium, Medium, Medium, Sometimes, Yes, No, No, High, Satisfied,Yes,3
275, No,Female,21 to 30 , Single,Less than 5 years, Less than 5 years,Medical sector,Processes,Data entry operator, From 5000 to 10000 S.R ,3,Yes,Yes, No, I don't have overtime, No, No, I did not receive any training,No, I do not travel for work, Low,No, Medium,Medium, Medium, Medium, Yes, Yes, No, No,Medium, Satisfied, No,3
276, No,Female,21 to 30 , Single,Less than 5 years, Less than 5 years,Medical sector,Customers service,Receptionist,Less than 5000 SAR,1,Yes,No,Yes, Yes, Yes,Yes, I did not receive any training, Yes, I do not travel for work,Medium, Yes, High,Medium, Medium,Easy, Sometimes, No, Yes, No, High, Very satisfied, No,1
277, No, Male,31 to 40, Married,From 5 to 10 years,From 5 to 10 years,Medical sector,Safety & Security ,Security and safety specialist,Less than 5000 SAR,0, No,No, No, No, No,Yes, I did not receive any training,No, I do not travel for work,Medium, Yes, Medium, Difficult,Far, Medium, Sometimes, Sometimes, No, No,Medium, Satisfied, No,1
278, No,Female,21 to 30 , Single,Less than 5 years, Less than 5 years,Medical sector,Customers service,customer services representative,Less than 5000 SAR,1,Yes,No, No, Yes, No, No, I did not receive any training, Yes, I do not travel for work, Low,No,Low, Difficult,Far,Difficult, Yes, Yes, No, Yes,Low, Not satisfied, No,3
280, No,Female,41 to 50, Single,From 5 to 10 years,From 5 to 10 years,Medical sector, Processes,Insurance officer,Less than 5000 SAR,1,Yes,No,Yes, No, No, No, I did not receive any training,No, I do not travel for work, Low,No, High,Medium, Close, Medium, Sometimes, Yes, No, No,Medium, Satisfied,Yes,1
282, No, Male,31 to 40, Single,From 5 to 10 years,From 5 to 10 years,Medical sector, Sales,Sales representative,From 11000 to 15000 S.R,2,Yes,No, No, I don't have overtime, No, No, I did not receive any training,No, I do not travel for work, Low, Yes,Low, Difficult, Close, Medium, Sometimes, Yes, No, No, High, Not satisfied,Yes,1
286, No,Female,21 to 30 , Single,Less than 5 years, Less than 5 years,Medical sector,HR,Hr Specialist , From 5000 to 10000 S.R ,2,Yes,Yes, No, I don't have overtime, No, No, From 1 to 3 training programs, Yes, I do not travel for work, Low,No,Low, Difficult, Close,Difficult, Yes, Yes, Yes, No,Medium, Not satisfied, No,3
287, Yes,Female,21 to 30 , Married, From 5 to 10 years, Less than 5 years,Medical sector,Information technology,Application specialist , From 5000 to 10000 S.R ,0,Yes,No, No, No, No, No, I did not receive any training,No, I do not travel for work,Medium, Yes,Low,Medium, Medium,Difficult, Yes, Yes, No, Yes,Medium, Satisfied,Yes,3
289, No,Female,21 to 30 , Single,Less than 5 years, Less than 5 years,Medical sector,Patient Affairs,Nutrition specialist, From 5000 to 10000 S.R ,2,Yes,No,Yes, No, No, No, I did not receive any training,No, I do not travel for work,Medium,No, High,Medium, Medium, Medium, Yes, Yes, Yes, No,Low, Not satisfied, No,3
291, Yes,Female,31 to 40, Married, From 5 to 10 years, Less than 5 years,Medical sector,Safety & Security ,Security and safety specialist,Less than 5000 SAR,2,Yes,Yes, No, I don't have overtime, No, No, I did not receive any training,No, I do not travel for work,Medium,No, Medium,Medium, Close, Medium, Yes, Yes, No, Yes,Medium, Satisfied,Yes,3
292, No,Female,21 to 30 , Single,Less than 5 years, Less than 5 years,Medical sector,Patient Affairs,Dentist, From 5000 to 10000 S.R ,0, No,No, No, I don't have overtime, No, No, I did not receive any training,No, Travel rarely,Medium, Yes, Medium,Medium, Medium, Medium, Yes, Yes, Yes, No,Medium, Satisfied, No,3
312, No, Male,21 to 30 , Single,Less than 5 years, Less than 5 years,Medical sector,Customers service,Customer services representative,Less than 5000 SAR,0, No,No, No, I don't have overtime, No, No, I did not receive any training,No, I do not travel for work, Low,No,Low,Medium, Close, Medium, Yes, Yes, No, Yes,Low, Not satisfied, No,3
325, No,Female,21 to 30 , Married,Less than 5 years, Less than 5 years,Medical sector,Patient Affairs,Pharmacist ,From 11000 to 15000 S.R,2,Yes,Yes,Yes, Yes, Yes,Yes, From 7  training programs to more, Yes, I do not travel for work, High, Yes, Medium,Medium, Medium,Difficult, Sometimes, Sometimes, No, No,Medium, Satisfied,Yes,3
333, Yes,Female,21 to 30 , Single, Less than 5 years, Less than 5 years,Medical sector,Customers service,Receptionist,Less than 5000 SAR,2,Yes,No,Yes, Yes, No, No, I did not receive any training,No, I do not travel for work, Low,No,Low, Difficult, Close, Medium, Yes, Yes, No, No,Low, Not satisfied,Yes,1
346, No,Female,31 to 40, Married,From 5 to 10 years,From 5 to 10 years,Medical sector,Customers service,Customer services representative, From 5000 to 10000 S.R ,2,Yes,No, No, I don't have overtime, No, No, I did not receive any training,No, I do not travel for work, Low,No,Low, Difficult,Far,Difficult, Sometimes, Yes, No, Yes,Low, Not satisfied, No,1
347, Yes, Male,41 to 50, Married, From 11 to 15 years, Less than 5 years,Medical sector,Safety & Security ,Security and safety specialist,Less than 5000 SAR,2,Yes,No,Yes, Yes, Yes, No, I did not receive any training,No, I do not travel for work, Low, Yes, Medium,Medium, Medium,Easy, No, Yes, Yes, Yes,Medium, Satisfied, No,1
350, No,Female,31 to 40, Married,From 11 to 15 years, From 11 to 15 years,Medical sector,Patient Affairs,Doctor,From 11000 to 15000 S.R,1, No,No, No, I don't have overtime, Yes,Yes, From 1 to 3 training programs, Yes, I do not travel for work, Low,No, High, Easy,Far,Easy, Yes, Yes, Yes, No,Medium, Satisfied,Yes,3
361, No,Female,21 to 30 , Married,Less than 5 years, Less than 5 years,Medical sector,Customers service,Receptionist, From 5000 to 10000 S.R ,2,Yes,No, No, I don't have overtime, Yes,Yes, I did not receive any training,No, I do not travel for work, High, Yes, High,Medium, Medium, Medium, Sometimes, Sometimes, No, Yes,Medium, Satisfied,Yes,3
364, Yes, Male,31 to 40, Married, From 5 to 10 years, Less than 5 years,Medical sector,Accounting,Accountant, From 5000 to 10000 S.R ,0, No,No, No, I don't have overtime, No,Yes, From 1 to 3 training programs, Yes, I do not travel for work,Medium, Yes, Medium,Medium, Medium, Medium, Sometimes, Sometimes, No, No,Medium, Not satisfied,Yes,3
381, No,Female,31 to 40, Married,Less than 5 years, Less than 5 years,Medical sector,Customers service,Customer services representative,Less than 5000 SAR,2,Yes,No, No, No, No, No, I did not receive any training,No, I do not travel for work, Low,No,Low, Difficult, Medium,Easy, No, Yes, No, No,Low, Not satisfied, No,3
386, Yes,Female,41 to 50,Married, Less than 5 years, Less than 5 years,Medical sector, Administration,Administrative manager,Less than 5000 SAR,0, No,No,Yes, No, No, No, I did not receive any training,No, I do not travel for work, Low,No,Low, Difficult,Far,Easy, Yes, Sometimes, No, No,Medium, Not satisfied, No,3
392, No,Female,31 to 40, Married,Less than 5 years, Less than 5 years,Medical sector,Patient Affairs,Doctor,Less than 5000 SAR,0, No,No,Yes, No, No, No, From 1 to 3 training programs, Yes, I do not travel for work, High, Yes, High,Medium, Close, Medium, Sometimes, Sometimes, Yes, No,Medium, Satisfied,Yes,3
401, No,Female,31 to 40, Married,Less than 5 years, Less than 5 years,Medical sector,HR,HR Specialist ,Less than 5000 SAR,0, No,No, No, I don't have overtime, Yes,Yes, I did not receive any training,No, I do not travel for work, Low, Yes, Medium,Medium, Medium,Easy, No, Sometimes, Yes, No,Medium, Satisfied, No,1
441, No, Male,21 to 30 , Single,Less than 5 years, Less than 5 years,Medical sector,Patient Affairs,Nutrition specialist, From 5000 to 10000 S.R ,0, No,No,Yes, Yes, No, No, I did not receive any training,No, I do not travel for work, Low,No, Medium, Difficult, Medium,Difficult, Sometimes, Yes, No, No,Low, Not satisfied, No,3
444, Yes, Male,31 to 40, Married, From 11 to 15 years, Less than 5 years,Medical sector,Patient Affairs,Nurse, From 5000 to 10000 S.R ,2,Yes,Yes, No, I don't have overtime, Yes,Yes,From 4 to 6 training programs, Yes, I do not travel for work,Medium, Yes, Medium,Medium, Medium,Difficult, Yes, No, Yes, Yes, High, Satisfied,Yes,3
454, No, Male,21 to 30 , Single,Less than 5 years, Less than 5 years,Medical sector,Customers service,Receptionist, From 5000 to 10000 S.R ,1,Yes,No, No, I don't have overtime, Yes,Yes, From 1 to 3 training programs, Yes, I do not travel for work, High, Yes, High, Easy, Close, Medium, Sometimes, Sometimes, No, Yes,Medium, Satisfied,Yes,1
455, No, Male,31 to 40, Married,From 11 to 15 years, From 11 to 15 years,Medical sector,Safety & Security ,Security and safety specialist, From 5000 to 10000 S.R ,1,Yes,No, No, I don't have overtime, Yes,Yes, I did not receive any training,No, I do not travel for work, High, Yes, High,Medium, Medium, Medium, Sometimes, Sometimes, Yes, No, High, Satisfied, No,1
459, No,Female,31 to 40, Married,Less than 5 years, Less than 5 years,Medical sector,Customers service,Receptionist, From 5000 to 10000 S.R ,0,Yes,No, No, I don't have overtime, Yes,Yes,From 4 to 6 training programs, Yes, I do not travel for work, High, Yes, High, Easy, Close, Medium, Sometimes, Sometimes, Yes, No,Medium, Satisfied, No,3
460, No,Female,21 to 30 , Single,Less than 5 years, Less than 5 years,Medical sector, Administration,HR Specialist , From 5000 to 10000 S.R ,2,Yes,Yes,Yes, Yes, Yes,Yes,From 4 to 6 training programs, Yes, Travel rarely, High, Yes, High,Medium, Medium, Medium, No, No, Yes, No, High, Very satisfied, No,4
490, No,Female,21 to 30 , Single,Less than 5 years, Less than 5 years,Medical sector,Customers service,Customer services representative,Less than 5000 SAR,0, No,Yes,Yes, No, No, No, From 1 to 3 training programs, Yes, I do not travel for work,Medium, Yes,Low, Difficult, Medium, Medium, Sometimes, Sometimes, No, No,Medium, Satisfied, No,3
501, Yes,Female,31 to 40, Married, From 5 to 10 years,From 5 to 10 years,Medical sector, Administration,Administrative manager, From 16000 to 20000 S.R,3,Yes,Yes, No, I don't have overtime, Yes,Yes, From 1 to 3 training programs, Yes, Travel frequently, High, Yes, High, Easy, Medium, Medium, Sometimes, Sometimes, Yes, No, High, Very satisfied,Yes,4
510, Yes,Female,21 to 30 , Single, From 5 to 10 years, Less than 5 years,Medical sector, Administration,Marketing Specialist, From 5000 to 10000 S.R ,1,Yes,Yes, No, I don't have overtime, Yes, No, From 1 to 3 training programs, Yes, I do not travel for work, High, Yes, Medium,Medium, Medium, Medium, Yes, Sometimes, No, No, High, Satisfied,Yes,3
511, No, Male,41 to 50, Married,From 16 to 20 years, From 16 to 20 years,Medical sector,Patient Affairs,Doctor, S.R 31000 - and more,4,Yes,Yes, No, I don't have overtime, Yes,Yes, From 7  training programs to more, Yes, I do not travel for work, High, Yes, High,Medium, Medium, Medium, Sometimes, No, Yes, No, High, Very satisfied, No,5
512, No,Female,31 to 40, Married,From 5 to 10 years,From 5 to 10 years,Medical sector,Patient Affairs,Doctor, S.R 31000 - and more,4,Yes,Yes,Yes, Yes, Yes,Yes,From 4 to 6 training programs, Yes, I do not travel for work, High, Yes, Medium,Medium, Medium,Difficult, Sometimes, Sometimes, Yes, No,Medium, Satisfied, No,5
513, No, Male,21 to 30 , Married,Less than 5 years, Less than 5 years,Medical sector, Processes,Operations Supervisor , From 5000 to 10000 S.R ,4,Yes,Yes,Yes, Yes, Yes,Yes,From 4 to 6 training programs, Yes, Travel rarely,Medium, Yes, High,Medium,Far, Medium, Sometimes, No, Yes, No, High, Satisfied,Yes,5
514, No,Female,31 to 40, Single,From 5 to 10 years,From 5 to 10 years,Medical sector, Administration,Administrative manager, From 16000 to 20000 S.R,4,Yes,Yes,Yes, Yes, Yes,Yes, From 7  training programs to more, Yes, Travel rarely, High, Yes, High, Easy, Close,Easy, Sometimes, No, Yes, No, High, Very satisfied,Yes,5
515, No,Female,31 to 40, Married,From 11 to 15 years, From 11 to 15 years,Medical sector,Patient Affairs,Nurse, From 5000 to 10000 S.R ,4,Yes,Yes, No, I don't have overtime, Yes,Yes, From 7  training programs to more, Yes, I do not travel for work, High, Yes, High,Medium,Far, Medium, No, No, Yes, No, High, Very satisfied, No,4
516, No,Female,41 to 50, Married,From 16 to 20 years, From 16 to 20 years,Medical sector, Administration,Supervisor, From 16000 to 20000 S.R,4,Yes,Yes,Yes, Yes, Yes,Yes, From 7  training programs to more, Yes, I do not travel for work, High, Yes, High,Medium, Medium,Easy, Sometimes, Sometimes, Yes, No, High, Very satisfied, No,5
517, No, Male,21 to 30 , Single,From 5 to 10 years,From 5 to 10 years,Medical sector,Patient Affairs,Nurse, From 5000 to 10000 S.R ,4,Yes,Yes,Yes, Yes, Yes,Yes,From 4 to 6 training programs, Yes, Travel rarely, High, Yes, High,Medium, Medium, Medium, No, No, Yes, No, High, Very satisfied,Yes,3
518, No, Male,31 to 40, Married,From 5 to 10 years,From 5 to 10 years,Medical sector,Patient Affairs,Doctor,From 11000 to 15000 S.R,4,Yes,Yes,Yes, Yes, Yes,Yes, From 7  training programs to more, Yes, I do not travel for work, High, Yes, Medium,Medium, Close,Easy, Sometimes, No, Yes, No,Medium, Very satisfied, No,3
519, No,Female,21 to 30 , Single,Less than 5 years, Less than 5 years,Medical sector,Patient Affairs,Doctor, From 5000 to 10000 S.R ,4,Yes,Yes,Yes, No, No,Yes, From 1 to 3 training programs, Yes, I do not travel for work, High, Yes, High, Easy, Close,Easy, Sometimes, No, Yes, No,Medium, Satisfied, No,1
520, No,Female,21 to 30 , Married,Less than 5 years, Less than 5 years,Medical sector,Patient Affairs,Pharmacist,From 11000 to 15000 S.R,4,Yes,Yes,Yes, Yes, Yes,Yes, From 1 to 3 training programs, Yes, Travel rarely, High, Yes, High, Difficult,Far, Medium, Sometimes, Sometimes, No, No, High, Satisfied,Yes,4
521, Yes, Male,31 to 40, Married, From 5 to 10 years,From 5 to 10 years,Medical sector,Patient Affairs,Nutrition specialist,From 11000 to 15000 S.R,3,Yes,Yes, No, I don't have overtime, No, No,From 4 to 6 training programs, Yes, I do not travel for work,Medium,No,Low, Easy, Close,Easy, Sometimes, Sometimes, No, No,Medium, Not satisfied,Yes,4
526, Yes,Female,21 to 30 , Single, Less than 5 years, Less than 5 years,Medical sector,Customers service,Customer services representative,Less than 5000 SAR,0,Yes,Yes, No, I don't have overtime, No, No, From 1 to 3 training programs,No, I do not travel for work,Medium, Yes, Medium,Medium, Medium, Medium, Sometimes, Sometimes, No, No,Medium, Satisfied, No,3
532, Yes, Male,31 to 40, Married, From 11 to 15 years,From 5 to 10 years,Medical sector,Patient Affairs,Doctor, From 16000 to 20000 S.R,3,Yes,Yes,Yes, Yes, Yes,Yes, From 7  training programs to more, Yes, Travel frequently, High, Yes, High,Medium, Medium,Difficult, Sometimes, Sometimes, Yes, Yes, High, Very satisfied,Yes,4
539, Yes,Female,21 to 30 , Single, From 5 to 10 years, Less than 5 years,Medical sector,Customers service,Customer services representative,Less than 5000 SAR,0,Yes,No, No, I don't have overtime, No,Yes, I did not receive any training,No, I do not travel for work,Medium, Yes, Medium,Medium, Medium, Medium, Sometimes, Sometimes, No, No,Medium, Satisfied,Yes,3
564, No,Female,41 to 50, Married,From 11 to 15 years, From 11 to 15 years,Medical sector,Patient Affairs,Doctor,From 11000 to 15000 S.R,3,Yes,Yes,Yes, Yes, Yes,Yes,From 4 to 6 training programs, Yes, I do not travel for work, High, Yes, Medium,Medium, Medium, Medium, No, No, Yes, Yes, High, Very satisfied,Yes,5
570, Yes,Female,31 to 40, Married, From 5 to 10 years,From 5 to 10 years,Medical sector, Administration,Administrative manager,From 11000 to 15000 S.R,1,Yes,Yes,Yes, Yes, Yes,Yes,From 4 to 6 training programs, Yes, Travel rarely, High, Yes, Medium,Medium, Close, Medium, Sometimes, Sometimes, Yes, No,Medium, Satisfied,Yes,3
579, Yes,Female,21 to 30 , Married, Less than 5 years, Less than 5 years,Medical sector,Customers service,Customer services representative,Less than 5000 SAR,1,Yes,No, No, I don't have overtime, No, No, From 1 to 3 training programs, Yes, I do not travel for work, High, Yes, Medium,Medium, Close, Medium, Sometimes, Sometimes, No, No,Medium, Satisfied,Yes,3
582, Yes, Male,21 to 30 , Single, From 5 to 10 years, Less than 5 years,Medical sector,Accounting,Accountant, From 5000 to 10000 S.R ,2,Yes,No, No, I don't have overtime, No,Yes, From 1 to 3 training programs, Yes, I do not travel for work,Medium, Yes, Medium, Difficult, Medium, Medium, Sometimes, Sometimes, No, No,Medium, Satisfied,Yes,3
585, No, Male,21 to 30 , Single,Less than 5 years, Less than 5 years,Medical sector, Administration,Manger assistant,Less than 5000 SAR,0,Yes,No,Yes, Yes, No, No,From 4 to 6 training programs, Yes, I do not travel for work,Medium, Yes, Medium,Medium, Close,Difficult, No, Sometimes, No, No,Medium, Satisfied, No,1
586, Yes, Male,41 to 50, Married, From 11 to 15 years,From 5 to 10 years,Medical sector,Patient Affairs,Doctor, From 16000 to 20000 S.R,4,Yes,Yes,Yes, Yes, Yes,Yes, From 7  training programs to more, Yes, Travel frequently, High, Yes, High,Medium, Medium, Medium, Yes, Yes, Yes, Yes, High, Very satisfied,Yes,5
600, Yes,Female,21 to 30 , Single, Less than 5 years, Less than 5 years,Medical sector, Relations,Relationships Specialist, From 5000 to 10000 S.R ,1,Yes,No, No, I don't have overtime, No, No, From 1 to 3 training programs, Yes, I do not travel for work,Medium, Yes, Medium, Difficult, Medium,Easy, Sometimes, Sometimes, Yes, No,Medium, Satisfied,Yes,3
612, Yes, Male,21 to 30 , Single, Less than 5 years, Less than 5 years,Medical sector,Customers service,Customer services representative,Less than 5000 SAR,0,Yes,No,Yes, No, No, No, From 1 to 3 training programs, Yes, I do not travel for work,Medium, Yes, Medium,Medium, Close, Medium, No, No, No, No,Medium, Satisfied,Yes,3
626, No, Male,21 to 30 , Married,Less than 5 years, Less than 5 years,Medical sector,Customers service,Receptionist, From 5000 to 10000 S.R ,2,Yes,Yes,Yes, Yes, Yes,Yes, From 1 to 3 training programs, Yes, I do not travel for work, High, Yes, High, Easy, Close,Easy, Sometimes, Sometimes, Yes, No,Medium, Satisfied, No,4
627, No, Male,31 to 40, Married,From 11 to 15 years, From 11 to 15 years,Medical sector, Administration,Administrative manager,From 11000 to 15000 S.R,3,Yes,Yes,Yes, Yes, Yes,Yes,From 4 to 6 training programs, Yes, I do not travel for work, High, Yes, High,Medium, Close,Easy, Sometimes, No, Yes, Yes, High, Very satisfied, No,5
633, Yes,Female,21 to 30 , Married, From 5 to 10 years, Less than 5 years,Medical sector, Relations,Relationships Specialist, From 5000 to 10000 S.R ,1,Yes,No, No, I don't have overtime, No, No, From 1 to 3 training programs,No, I do not travel for work,Medium,No,Low, Difficult, Close,Easy, No, Sometimes, No, No,Medium, Not satisfied, No,3
639, Yes, Male,21 to 30 , Single, From 5 to 10 years, Less than 5 years,Medical sector,Customers service,Customer services representative, From 5000 to 10000 S.R ,0,Yes,No, No, I don't have overtime, No, No,From 4 to 6 training programs, Yes, I do not travel for work,Medium, Yes, Medium, Difficult, Medium, Medium, No, No, No, No,Medium, Satisfied,Yes,3
640, Yes,Female,21 to 30 , Married, From 5 to 10 years, Less than 5 years,Medical sector, Relations,Relationships Specialist, From 5000 to 10000 S.R ,1,Yes,No, No, I don't have overtime, Yes, No,From 4 to 6 training programs, Yes, I do not travel for work,Medium, Yes, Medium,Medium, Close, Medium, No, No, No, No,Medium, Satisfied,Yes,3
641, Yes,Female,21 to 30 , Single, From 5 to 10 years, Less than 5 years,Medical sector,Customers service,Customer services representative, From 5000 to 10000 S.R ,0,Yes,No, No, I don't have overtime, No, No,From 4 to 6 training programs, Yes, I do not travel for work,Medium, Yes, Medium, Difficult,Far,Difficult, Yes, Sometimes, No, No,Medium, Satisfied,Yes,3
645, Yes,Female,21 to 30 , Single, From 5 to 10 years, Less than 5 years,Medical sector,Accounting,Accountant, From 5000 to 10000 S.R ,0,Yes,No, No, I don't have overtime, No, No, From 1 to 3 training programs, Yes, I do not travel for work, High, Yes, Medium,Medium, Close, Medium, No, No, No, No,Medium, Satisfied,Yes,3
648, Yes, Male,31 to 40, Single, From 5 to 10 years,From 5 to 10 years,Medical sector, Administration,Administrative manager,From 11000 to 15000 S.R,1,Yes,Yes,Yes, Yes, Yes,Yes, From 1 to 3 training programs, Yes, I do not travel for work,Medium, Yes, Medium,Medium, Close, Medium, No, Sometimes, Yes, No,Medium, Satisfied,Yes,4
663, No, Male,21 to 30 , Single,Less than 5 years, Less than 5 years,Medical sector,Patient Affairs,Doctor, S.R 31000 - and more,3,Yes,Yes,Yes, Yes, Yes,Yes, From 1 to 3 training programs, Yes, Travel frequently, High, Yes, High,Medium,Far,Difficult, Yes, No, No, No,Medium, Satisfied, No,3
665, Yes, Male,41 to 50, Married, Less than 5 years, Less than 5 years,Medical sector, Relations,Relations manager , From 5000 to 10000 S.R ,2,Yes,No, No, No, No, No, I did not receive any training,No, Travel frequently, Low,No,Low,Medium, Medium, Medium, Sometimes, Sometimes, No, No,Medium, Not satisfied,Yes,3
680, No, Male,31 to 40, Married,From 11 to 15 years, From 11 to 15 years,Medical sector,Patient Affairs,Nurse,Less than 5000 SAR,1, No,No, No, No, No, No, From 1 to 3 training programs, Yes, Travel rarely, Low,No, Medium,Medium, Medium, Medium, Sometimes, Sometimes, Yes, No,Medium, Satisfied, No,1
764, No,Female,31 to 40, Married,From 5 to 10 years,From 5 to 10 years,Medical sector,Patient Affairs,Nurse,Less than 5000 SAR,4,Yes,Yes,Yes, Yes, Yes,Yes,From 4 to 6 training programs, Yes, I do not travel for work, High, Yes, High, Easy, Medium, Medium, No, Yes, Yes, Yes,Medium, Satisfied,Yes,3
769, No, Male,21 to 30 , Married,From 5 to 10 years,From 5 to 10 years,Medical sector,Patient Affairs,Nurse,Less than 5000 SAR,3,Yes,Yes,Yes, I don't have overtime, Yes,Yes, From 1 to 3 training programs, Yes, I do not travel for work, High, Yes, High,Medium, Close,Easy, Sometimes, Sometimes, Yes, No,Medium, Very satisfied, No,3
771, No,Female,21 to 30 , Single,Less than 5 years, Less than 5 years,Medical sector,Customers service,Receptionist, From 5000 to 10000 S.R ,0, No,No, No, I don't have overtime, Yes,Yes, I did not receive any training,No, I do not travel for work,Medium, Yes, High,Medium, Medium, Medium, No, No, No, No,Low, Not satisfied, No,3
772, No,Female,21 to 30 , Married,From 5 to 10 years,From 5 to 10 years,Medical sector,patient Affairs,Nurse,Less than 5000 SAR,4,Yes,Yes,Yes, Yes, Yes,Yes, From 7  training programs to more, Yes, I do not travel for work, High, Yes, High,Medium, Medium, Medium, No, No, Yes, No,Medium, Very satisfied,Yes,3
774, No, Male,21 to 30 , Married,Less than 5 years, Less than 5 years,Medical sector, Administration,Administrative manager, From 5000 to 10000 S.R ,3,Yes,Yes,Yes, Yes, Yes,Yes, From 7  training programs to more, Yes, Travel rarely, High, Yes, High,Medium, Medium, Medium, No, Sometimes, Yes, No, High, Very satisfied, No,3
776, No, Male,21 to 30 , Married,From 5 to 10 years,From 5 to 10 years,Medical sector,patient Affairs,Doctor,From 11000 to 15000 S.R,3,Yes,Yes,Yes, Yes, Yes,Yes, From 7  training programs to more, Yes, I do not travel for work,Medium, Yes, Medium,Medium, Medium,Easy, No, Sometimes, Yes, No,Medium, Very satisfied, No,5
778, No, Male,21 to 30 , Single,From 5 to 10 years,From 5 to 10 years,Medical sector,patient Affairs,Nurse,Less than 5000 SAR,3,Yes,Yes, No, I don't have overtime, Yes, No, From 7  training programs to more, Yes, Travel rarely,Medium, Yes, High, Easy,Far,Difficult, No, Sometimes, Yes, No,Medium, Very satisfied, No,3
789, No,Female,21 to 30 , Married,Less than 5 years, Less than 5 years,Medical sector,patient Affairs,Nurse,Less than 5000 SAR,3,Yes,Yes,Yes, Yes, Yes,Yes, From 7  training programs to more, Yes, Travel rarely, High, Yes, Medium,Medium, Close, Medium, Sometimes, Sometimes, Yes, No,Low, Very satisfied, No,4
790, No,Female,21 to 30 , Single,Less than 5 years, Less than 5 years,Medical sector,Customers service,Receptionist,Less than 5000 SAR,0, No,No, No, I don't have overtime, No, No, I did not receive any training,No, I do not travel for work, Low,No,Low,Medium, Medium,Difficult, No, Sometimes, No, No,Medium, Not satisfied, No,3
797, No,Female,21 to 30 , Single,From 5 to 10 years,From 5 to 10 years,Medical sector,Accounting,Accountant,Less than 5000 SAR,0,Yes,No, No, I don't have overtime, No, No, I did not receive any training,No, I do not travel for work, Low,No,Low,Medium, Medium, Medium, Sometimes, Sometimes, No, No,Low, Not satisfied, No,3
800, No,Female,31 to 40, Married,Less than 5 years, Less than 5 years,Medical sector,Customers service,Receptionist, From 5000 to 10000 S.R ,0,Yes,No, No, I don't have overtime, No, No, I did not receive any training,No, I do not travel for work, Low,No,Low, Difficult, Medium,Difficult, Sometimes, Yes, No, No,Low, Not satisfied, No,4
806, No, Male,31 to 40, Married,From 5 to 10 years,From 5 to 10 years,Medical sector,Patient Affairs,Doctor, From 5000 to 10000 S.R ,4,Yes,Yes,Yes, Yes, Yes,Yes, From 7  training programs to more, Yes, I do not travel for work, High, Yes, High,Medium, Medium, Medium, No, No, Yes, No,Medium, Very satisfied, No,4
807, No, Male,31 to 40, Married,From 5 to 10 years,From 5 to 10 years,Medical sector,Patient Affairs,Nurse, From 5000 to 10000 S.R ,4,Yes,Yes,Yes, Yes, Yes,Yes, From 7  training programs to more, Yes, I do not travel for work, High, Yes, High,Medium,Far, Medium, Sometimes, Sometimes, Yes, Yes,Medium, Very satisfied, No,4
808, No, Male,21 to 30 , Married,From 16 to 20 years, From 16 to 20 years,Medical sector,Patient Affairs,Doctor, From 16000 to 20000 S.R,4,Yes,Yes,Yes, Yes, Yes,Yes, From 7  training programs to more, Yes, I do not travel for work, High, Yes, High, Easy, Close, Medium, No, Sometimes, Yes, No, High, Very satisfied, No,5
809, No,Female,21 to 30 , Single,Less than 5 years, Less than 5 years,Medical sector,Customers service,Receptionist,Less than 5000 SAR,0, No,No, No, I don't have overtime, No, No, I did not receive any training,No, I do not travel for work,Medium,No, Medium, Difficult, Medium, Medium, Sometimes, Yes, No, No,Medium, Not satisfied, No,1
810, No, Male,31 to 40, Married,From 5 to 10 years,From 5 to 10 years,Medical sector,Patient Affairs,Nurse, From 5000 to 10000 S.R ,3,Yes,Yes,Yes, Yes, Yes,Yes,From 4 to 6 training programs, Yes, I do not travel for work, High, Yes, Medium,Medium, Medium, Medium, No, No, Yes, No,Medium, Very satisfied, No,4
811, No,Female,31 to 40, Married,From 5 to 10 years,From 5 to 10 years,Medical sector, Sales,Sales representative, From 5000 to 10000 S.R ,2,Yes,No,Yes, No, Yes,Yes,From 4 to 6 training programs, Yes, Travel rarely,Medium,No, High,Medium, Medium,Difficult, No, No, Yes, No,Medium, Satisfied, No,3
815, No,Female,21 to 30 , Single,Less than 5 years, Less than 5 years,Medical sector,Customers service,Receptionist,Less than 5000 SAR,0,Yes,No, No, I don't have overtime, Yes,Yes, I did not receive any training, Yes, I do not travel for work, High, Yes, Medium,Medium, Medium, Medium, Sometimes, Sometimes, Yes, No,Medium, Satisfied, No,1
818, No,Female,21 to 30 , Married,From 5 to 10 years,From 5 to 10 years,Medical sector,Patient Affairs,Nurse,Less than 5000 SAR,3, No,No, No, I don't have overtime, Yes, No, From 7  training programs to more, Yes, I do not travel for work, High, Yes, High,Medium, Medium, Medium, No, No, No, No,Medium, Satisfied, No,4
821, Yes, Male,21 to 30 , Single, Less than 5 years, Less than 5 years,Medical sector, Processes,Operations Supervisor , From 5000 to 10000 S.R ,2,Yes,No,Yes, No, No, No, From 1 to 3 training programs, Yes, I do not travel for work,Medium,No, High,Medium,Far,Easy, Sometimes, Sometimes, No, No,Low, Not satisfied,Yes,3
835, No, Male,21 to 30 , Married,Less than 5 years, Less than 5 years,Medical sector,Customers service,Receptionist, From 5000 to 10000 S.R ,0, No,No, No, I don't have overtime, No, No, I did not receive any training,No, I do not travel for work, Low,No,Low, Easy, Medium, Medium, Sometimes, Yes, No, No,Low, Not satisfied,Yes,3
837, Yes, Male,21 to 30 , Divorced, Less than 5 years, Less than 5 years,Medical sector,Customers service,Receptionist,Less than 5000 SAR,1, No,No, No, I don't have overtime, No, No, I did not receive any training,No, I do not travel for work,Medium,No,Low, Easy, Close,Easy, Sometimes, Sometimes, No, No,Medium, Satisfied, No,3
840, No,Female,31 to 40, Married,Less than 5 years, Less than 5 years,Medical sector,HR,Coordinator, From 5000 to 10000 S.R ,0, No,No, No, I don't have overtime, No, No, From 7  training programs to more,No, I do not travel for work, Low,No,Low,Medium, Medium, Medium, No, No, Yes, No,Medium, Satisfied,Yes,3
843, No,Female,21 to 30 , Single,Less than 5 years, Less than 5 years,Medical sector, Processes,Operations Supervisor ,Less than 5000 SAR,0, No,No, No, I don't have overtime, No, No, I did not receive any training,No, I do not travel for work, Low,No,Low, Easy, Close, Medium, Sometimes, Sometimes, No, Yes,Low, Not satisfied, No,1
851, No,Female,41 to 50, Married,From 5 to 10 years,From 5 to 10 years,Medical sector,Patient Affairs,Nurse, From 5000 to 10000 S.R ,3,Yes,Yes,Yes, Yes, Yes,Yes, From 7  training programs to more, Yes, I do not travel for work, High, Yes, High, Easy, Medium,Easy, Sometimes, No, Yes, Yes, High, Very satisfied,Yes,3
852, No, Male,31 to 40, Married,Less than 5 years, Less than 5 years,Medical sector,Patient Affairs,Nurse, From 5000 to 10000 S.R ,4,Yes,Yes,Yes, Yes, Yes,Yes, From 7  training programs to more, Yes, Travel rarely, High, Yes, High, Difficult, Medium, Medium, Sometimes, Sometimes, Yes, Yes, High, Very satisfied,Yes,4
857, No,Female,31 to 40, Married,From 5 to 10 years,From 5 to 10 years,Medical sector,Customers service,Receptionist, From 5000 to 10000 S.R ,1, No,No, No, I don't have overtime, No, No, From 7  training programs to more,No, I do not travel for work, Low,No,Low,Medium,Far, Medium, Sometimes, Yes, No, No,Medium, Not satisfied,Yes,3
858, No,Female,21 to 30 , Divorced,From 5 to 10 years,From 5 to 10 years,Medical sector, Administration,Administrative manager,From 11000 to 15000 S.R,3,Yes,Yes,Yes, Yes, Yes,Yes, From 7  training programs to more, Yes, I do not travel for work, High, Yes, High,Medium, Medium, Medium, Sometimes, Yes, No, Yes,Medium, Very satisfied,Yes,4
863, No,Female,31 to 40, Married,From 5 to 10 years,From 5 to 10 years,Medical sector,Relations,Coordinator, From 5000 to 10000 S.R ,0, No,No, No, I don't have overtime, No, No,From 4 to 6 training programs,No, I do not travel for work, Low, Yes, High, Difficult, Medium, Medium, Sometimes, Sometimes, No, No,Medium, Satisfied, No,3
864, No,Female,31 to 40, Married,Less than 5 years, Less than 5 years,Medical sector, Administration,Administrative manager,From 11000 to 15000 S.R,0, No,No, No, No, Yes,Yes, From 7  training programs to more,No, I do not travel for work, Low,No, Medium,Medium, Close, Medium, No, Sometimes, Yes, Yes,Medium, Satisfied, No,4
868, No, Male,21 to 30 , Single,Less than 5 years, Less than 5 years,Medical sector,Patient Affairs,Nurse,Less than 5000 SAR,0,Yes,Yes, No, Yes, Yes,Yes,From 4 to 6 training programs, Yes, I do not travel for work, High, Yes, High,Medium, Medium, Medium, Yes, No, Yes, Yes, High, Very satisfied, No,3
871, No, Male,31 to 40, Married,From 5 to 10 years,From 5 to 10 years,Medical sector,Patient Affairs,Nurse, From 5000 to 10000 S.R ,3,Yes,Yes,Yes, Yes, Yes,Yes,From 4 to 6 training programs, Yes, Travel rarely, High, Yes, High, Easy,Far, Medium, Yes, No, Yes, Yes, High, Satisfied,Yes,3
872, No, Male,21 to 30 , Single,Less than 5 years, Less than 5 years,Medical sector,Customers service,Receptionist, From 5000 to 10000 S.R ,0,Yes,No,Yes, Yes, Yes,Yes,From 4 to 6 training programs, Yes, I do not travel for work, High, Yes, High,Medium, Medium, Medium, No, No, Yes, No,Medium, Satisfied, No,1
873, No,Female,21 to 30 , Single,Less than 5 years, Less than 5 years,Medical sector,Customers service,Receptionist, From 5000 to 10000 S.R ,0,Yes,Yes, No, No, Yes,Yes, From 7  training programs to more, Yes, I do not travel for work, High,No, Medium,Medium, Medium, Medium, No, No, No, No,Medium, Satisfied, No,1
875, No,Female,41 to 50, Married,From 5 to 10 years,From 5 to 10 years,Medical sector,Patient Affairs,Nurse, From 5000 to 10000 S.R ,3,Yes,Yes,Yes, Yes, Yes,Yes, From 7  training programs to more, Yes, I do not travel for work, High, Yes, High,Medium, Medium, Medium, Sometimes, Sometimes, Yes, No,Medium, Satisfied,Yes,4
876, No,Female,31 to 40, Married,Less than 5 years, Less than 5 years,Medical sector,Customers service,Nurse,Less than 5000 SAR,3,Yes,Yes,Yes, Yes, Yes,Yes,From 4 to 6 training programs, Yes, I do not travel for work, High, Yes, Medium,Medium, Medium, Medium, Yes, No, Yes, Yes, High, Satisfied,Yes,3
879, Yes,Female,31 to 40, Married, Less than 5 years, Less than 5 years,Medical sector, Administration,Administrative manager,From 11000 to 15000 S.R,3,Yes,Yes,Yes, Yes, Yes,Yes, From 7  training programs to more, Yes, Travel frequently,Medium,No, Medium, Difficult, Medium,Difficult, Yes, Yes, No, Yes,Medium, Not satisfied, No,3
884, No, Male,31 to 40, Married,From 5 to 10 years,From 5 to 10 years,Medical sector,Patient Affairs,Nurse, From 5000 to 10000 S.R ,4,Yes,Yes,Yes, Yes, Yes,Yes, From 7  training programs to more, Yes, I do not travel for work, High, Yes, High,Medium, Medium, Medium, No, No, Yes, No, High, Very satisfied, No,4
889, Yes, Male,31 to 40, Married, From 5 to 10 years,From 5 to 10 years,Medical sector,Patient Affairs,Nurse,Less than 5000 SAR,0,Yes,Yes,Yes, Yes, No, No, I did not receive any training,No, I do not travel for work,Medium,No, Medium,Medium, Medium, Medium, No, Yes, No, No,Medium, Not satisfied, No,3
898, Yes, Male,31 to 40, Divorced, Less than 5 years, Less than 5 years,Medical sector, Processes,Administrative manager, From 5000 to 10000 S.R ,2,Yes,No,Yes, No, No, No, From 1 to 3 training programs,No, I do not travel for work,Medium,No, Medium,Medium, Medium, Medium, Yes, Yes, Yes, Yes,Medium, Satisfied,Yes,4
921, Yes, Male,31 to 40, Married, From 5 to 10 years,From 5 to 10 years,Medical sector,HR,HR Specialist ,From 11000 to 15000 S.R,2,Yes,Yes,Yes, Yes, Yes,Yes, From 1 to 3 training programs, Yes, Travel rarely,Medium, Yes, High,Medium,Far, Medium, No, No, No, No,Medium, Satisfied,Yes,3
932, No, Male,31 to 40, Married,From 5 to 10 years,From 5 to 10 years,Medical sector,Patient Affairs,Nurse,Less than 5000 SAR,3,Yes,Yes,Yes, Yes, Yes,Yes,From 4 to 6 training programs, Yes, Travel rarely, High, Yes, High,Medium, Medium, Medium, No, No, Yes, No,Medium, Satisfied,Yes,4
934, No,Female,31 to 40, Married,Less than 5 years, Less than 5 years,Medical sector,Patient Affairs,nurse,From 11000 to 15000 S.R,2,Yes,No,Yes, Yes, Yes,Yes, From 7  training programs to more, Yes, Travel rarely, High, Yes, High,Medium, Medium, Medium, No, No, Yes, No, High, Satisfied,Yes,4
939, Yes,Female,21 to 30 , Single, From 5 to 10 years, Less than 5 years,Medical sector,Customers service,Receptionist,Less than 5000 SAR,1,Yes,Yes,Yes, Yes, Yes,Yes, From 7  training programs to more, Yes, I do not travel for work, High, Yes, Medium,Medium, Medium, Medium, Sometimes, Sometimes, Yes, No,Medium, Satisfied, No,3
940, No,Female,21 to 30 , Single,From 5 to 10 years,From 5 to 10 years,Medical sector,Patient Affairs,Nurse,Less than 5000 SAR,2, No,No, No, I don't have overtime, No, No, I did not receive any training,No, I do not travel for work, Low,No,Low,Medium, Close, Medium, Sometimes, Yes, No, No,Low, Not satisfied, No,3
941, Yes,Female,21 to 30 , Single, Less than 5 years, Less than 5 years,Medical sector,Customers service,Receptionist,Less than 5000 SAR,0, No,No, No, I don't have overtime, No, No, I did not receive any training,No, I do not travel for work, Low,No, Medium,Medium, Medium, Medium, Sometimes, Sometimes, No, No,Medium, Not satisfied, No,1
943, No, Male,31 to 40, Single,From 5 to 10 years,From 5 to 10 years,Medical sector,Patient Affairs,Nurse,Less than 5000 SAR,3, No,No, No, I don't have overtime, No,Yes, I did not receive any training,No, I do not travel for work,Medium, Yes, Medium, Difficult, Medium,Difficult, No, No, Yes, No, High, Satisfied, No,4
944, No,Female,21 to 30 , Married,Less than 5 years, Less than 5 years,Medical sector,Patient Affairs,Supervisor,From 11000 to 15000 S.R,2,Yes,No,Yes, I don't have overtime, Yes,Yes, I did not receive any training, Yes, Travel rarely, High, Yes, High,Medium, Medium, Medium, Sometimes, Sometimes, Yes, Yes, High, Very satisfied,Yes,3
945, Yes,Female,21 to 30 , Married, Less than 5 years, Less than 5 years,Medical sector,Customers service,Receptionist,Less than 5000 SAR,0, No,No, No, I don't have overtime, No, No, I did not receive any training,No, I do not travel for work, Low,No,Low,Medium, Close,Easy, Sometimes, Yes, No, No,Low, Not satisfied, No,3
946, No,Female,21 to 30 , Married,Less than 5 years, Less than 5 years,Medical sector,HR,Coordinator,Less than 5000 SAR,0, No,No, No, I don't have overtime, No, No, I did not receive any training,No, I do not travel for work, Low, Yes, High,Medium, Medium, Medium, No, No, No, No,Medium, Satisfied, No,3
950, Yes, Male,21 to 30 , Single, From 5 to 10 years, Less than 5 years,Medical sector, Relations,Relationships Specialist,Less than 5000 SAR,0, No,No, No, I don't have overtime, No, No, I did not receive any training,No, I do not travel for work, Low,No,Low,Medium, Medium, Medium, No, No, No, No,Medium, Not satisfied, No,1
952, Yes, Male,21 to 30 , Single, From 5 to 10 years, Less than 5 years,Medical sector, Relations,Relationships Specialist, From 5000 to 10000 S.R ,1,Yes,Yes,Yes, Yes, Yes,Yes, From 1 to 3 training programs, Yes, I do not travel for work, High, Yes, High, Difficult,Far,Difficult, Yes, Yes, Yes, Yes, High, Satisfied,Yes,3
954, Yes,Female,21 to 30 , Single, Less than 5 years, Less than 5 years,Medical sector,Customers service,Customer services representative, From 5000 to 10000 S.R ,0,Yes,Yes, No, I don't have overtime, Yes, No, From 1 to 3 training programs, Yes, I do not travel for work, Low, Yes, Medium, Difficult, Medium, Medium, No, Sometimes, No, No,Medium, Satisfied,Yes,3
958, Yes, Male,31 to 40, Married, From 5 to 10 years,From 5 to 10 years,Medical sector, Administration,Administrative manager,From 11000 to 15000 S.R,1,Yes,Yes,Yes, Yes, Yes, No,From 4 to 6 training programs, Yes, I do not travel for work, High, Yes, High,Medium, Medium, Medium, No, No, No, No,Medium, Satisfied,Yes,3
963, Yes, Male,21 to 30 , Single, Less than 5 years, Less than 5 years,Medical sector,Customers service,Customer services representative, From 5000 to 10000 S.R ,0,Yes,No, No, I don't have overtime, No, No, From 1 to 3 training programs, Yes, I do not travel for work,Medium,No, Medium, Difficult,Far,Difficult, Yes, Yes, No, Yes,Low, Satisfied,Yes,3
968, Yes,Female,21 to 30 , Single, Less than 5 years, Less than 5 years,Medical sector, Technical support,it specialist , From 5000 to 10000 S.R ,0,Yes,No, No, I don't have overtime, No, No, From 1 to 3 training programs, Yes, I do not travel for work,Medium, Yes, Medium,Medium, Medium, Medium, No, No, No, No,Medium, Satisfied,Yes,3
979, No,Female,31 to 40, Married,Less than 5 years, Less than 5 years,Medical sector,Patient Affairs,Nurse,Less than 5000 SAR,3, No,Yes,Yes, I don't have overtime, Yes,Yes, From 7  training programs to more, Yes, I do not travel for work, High, Yes, High,Medium, Medium, Medium, Sometimes, Sometimes, Yes, No,Medium, Satisfied, No,3
980, No, Male,31 to 40, Married,From 5 to 10 years,From 5 to 10 years,Medical sector, Administration,Supervisor, From 5000 to 10000 S.R ,2,Yes,Yes,Yes, Yes, Yes,Yes, From 7  training programs to more, Yes, Travel rarely, High, Yes, High,Medium, Medium, Medium, No, No, Yes, Yes, High, Satisfied,Yes,3
987, No,Female,21 to 30 , Single,Less than 5 years, Less than 5 years,Medical sector,Customers service,Receptionist, From 5000 to 10000 S.R ,0,Yes,Yes,Yes, Yes, Yes,Yes, From 1 to 3 training programs, Yes, I do not travel for work, High, Yes, High,Medium,Far,Difficult, Yes, Yes, No, No,Medium, Not satisfied,Yes,1
988, Yes,Female,31 to 40, Married, From 5 to 10 years,From 5 to 10 years,Medical sector,Patient Affairs,Pharmacist, From 5000 to 10000 S.R ,2,Yes,Yes,Yes, No, Yes,Yes, I did not receive any training,No, I do not travel for work,Medium, Yes, Medium,Medium, Medium, Medium, No, No, No, Yes,Medium, Satisfied,Yes,3
989, No, Male,31 to 40, Divorced,Less than 5 years, Less than 5 years,Medical sector,Patient Affairs,Nurse,Less than 5000 SAR,3,Yes,Yes,Yes, Yes, Yes,Yes,From 4 to 6 training programs, Yes, Travel rarely, High, Yes, High,Medium, Medium, Medium, No, No, Yes, No,Medium, Satisfied, No,3
991, No,Female,21 to 30 , Married,Less than 5 years, Less than 5 years,Medical sector,Customers service,Receptionist, From 5000 to 10000 S.R ,0,Yes,No,Yes, No, Yes,Yes, From 7  training programs to more, Yes, Travel rarely,Medium, Yes, Medium,Medium, Medium, Medium, No, No, No, No,Medium, Satisfied,Yes,3
992, No,Female,21 to 30 , Married,Less than 5 years, Less than 5 years,Medical sector,Patient Affairs,Nurse,Less than 5000 SAR,3,Yes,Yes,Yes, No, Yes,Yes, From 1 to 3 training programs, Yes, Travel frequently, High, Yes, High,Medium, Medium, Medium, No, No, Yes, No, High, Satisfied, No,3
993, No,Female,21 to 30 , Married,Less than 5 years, Less than 5 years,Medical sector,Customers service,Receptionist,Less than 5000 SAR,0,Yes,Yes,Yes, Yes, Yes,Yes,From 4 to 6 training programs, Yes, I do not travel for work,Medium, Yes, Medium, Easy, Close, Medium, Yes, No, Yes, No,Medium, Satisfied, No,1
994, No,Female,31 to 40, Married,From 5 to 10 years,From 5 to 10 years,Medical sector,Patient Affairs,Nurse, From 5000 to 10000 S.R ,3,Yes,Yes,Yes, Yes, Yes,Yes,From 4 to 6 training programs, Yes, Travel rarely,Medium, Yes, High,Medium, Medium, Medium, No, Yes, Yes, No, High, Satisfied,Yes,3
997, No,Female,31 to 40, Married,Less than 5 years, Less than 5 years,Medical sector,Patient Affairs,Nurse,Less than 5000 SAR,2,Yes,Yes,Yes, No, Yes,Yes,From 4 to 6 training programs, Yes, Travel rarely, High, Yes, High,Medium, Medium, Medium, No, No, Yes, Yes,Medium, Satisfied,Yes,3
998, Yes,Female,21 to 30 , Single, From 5 to 10 years, Less than 5 years,Medical sector,Customers service,Receptionist,Less than 5000 SAR,0, No,No, No, I don't have overtime, No, No,From 4 to 6 training programs, Yes, I do not travel for work,Medium,No, Medium,Medium, Medium, Medium, No, Yes, No, No,Medium, Not satisfied, No,3
1001, No,Female,31 to 40, Married,From 5 to 10 years,From 5 to 10 years,Medical sector,Customers service,Receptionist, From 5000 to 10000 S.R ,0,Yes,Yes,Yes, Yes, Yes,Yes, From 1 to 3 training programs, Yes, I do not travel for work,Medium, Yes, High,Medium, Close, Medium, No, No, Yes, No,Medium, Satisfied,Yes,3
1002, No,Female,21 to 30 , Married,From 5 to 10 years,From 5 to 10 years,Medical sector,Patient Affairs,Nurse,Less than 5000 SAR,2,Yes,Yes,Yes, Yes, Yes,Yes, From 1 to 3 training programs, Yes, Travel frequently, High, Yes, High, Difficult,Far,Difficult, No, No, No, No,Medium, Not satisfied, No,3
1006, Yes,Female,21 to 30 , Married, From 5 to 10 years,From 5 to 10 years,Medical sector,Customers service,Receptionist, From 5000 to 10000 S.R ,0,Yes,No, No, I don't have overtime, Yes,Yes, I did not receive any training,No, I do not travel for work,Medium,No, Medium,Medium, Medium, Medium, Sometimes, Sometimes, No, Yes,Medium, Not satisfied,Yes,1
1014, Yes,Female,31 to 40, Married, From 5 to 10 years,From 5 to 10 years,Medical sector, Relations,Relationships Specialist,From 11000 to 15000 S.R,1,Yes,Yes, No, I don't have overtime, No, No,From 4 to 6 training programs, Yes, Travel rarely,Medium, Yes, High,Medium, Medium, Medium, Yes, Yes, Yes, Yes, High, Satisfied,Yes,3
1016, Yes,Female,21 to 30 , Single, From 5 to 10 years, Less than 5 years,Medical sector,Customers service,Customer services representative, From 5000 to 10000 S.R ,0,Yes,Yes, No, I don't have overtime, No, No, From 1 to 3 training programs, Yes, I do not travel for work,Medium, Yes, Medium, Difficult, Medium,Difficult, Sometimes, Sometimes, No, No,Medium, Satisfied,Yes,1
1022, No, Male,31 to 40, Married,Less than 5 years, Less than 5 years,Medical sector,Patient Affairs,Pharmacist, From 5000 to 10000 S.R ,0, No,No,Yes, Yes, No, No, I did not receive any training,No, I do not travel for work, Low,No, High, Difficult,Far,Difficult, Yes, Yes, No, No,Low, Not satisfied,Yes,3
1023, No, Male,31 to 40, Single,Less than 5 years, Less than 5 years,Medical sector,Customers service,Receptionist,Less than 5000 SAR,0,Yes,No,Yes, Yes, No, No, I did not receive any training, Yes, I do not travel for work,Medium, Yes, Medium, Easy,Far,Easy, Sometimes, Sometimes, No, Yes, High, Satisfied, No,1
1024, Yes,Female,21 to 30 , Single, Less than 5 years, Less than 5 years,Medical sector,Customers service,Receptionist,Less than 5000 SAR,0,Yes,Yes,Yes, Yes, No, No, From 1 to 3 training programs,No, I do not travel for work, Low,No,Low, Easy, Close, Medium, Yes, Yes, No, No,Low, Not satisfied,Yes,3
1027, No,Female,31 to 40, Single,Less than 5 years, Less than 5 years,Medical sector,Patient Affairs,Nurse,Less than 5000 SAR,1,Yes,No, No, No, No, No, From 1 to 3 training programs, Yes, I do not travel for work,Medium, Yes, Medium,Medium, Medium, Medium, Sometimes, Sometimes, Yes, No, High, Satisfied,Yes,3
1028, No,Female,21 to 30 , Single,Less than 5 years, Less than 5 years,Medical sector,Patient Affairs,Nurse, From 5000 to 10000 S.R ,1, No,No,Yes, Yes, No, No, From 1 to 3 training programs,No, I do not travel for work,Medium,No, Medium, Easy,Far, Medium, Sometimes, Sometimes, Yes, No,Medium, Satisfied, No,3
1029, No,Female,31 to 40, Married,Less than 5 years, Less than 5 years,Medical sector,Patient Affairs,nurse,Less than 5000 SAR,3,Yes,Yes, No, No, No, No, I did not receive any training,No, I do not travel for work,Medium,No, Medium,Medium, Medium, Medium, Yes, Sometimes, No, No,Medium, Satisfied,Yes,3
1032, No,Female,21 to 30 , Single,Less than 5 years, Less than 5 years,Medical sector,Customers service,Social worker,Less than 5000 SAR,0,Yes,Yes, No, I don't have overtime, No, No, I did not receive any training,No, I do not travel for work,Medium, Yes, Medium,Medium, Close, Medium, Sometimes, Sometimes, No, No,Medium, Satisfied,Yes,3
1034, No, Male,21 to 30 , Single,Less than 5 years, Less than 5 years,Medical sector,Customers service,Receptionist,Less than 5000 SAR,0,Yes,No, No, I don't have overtime, Yes,Yes, I did not receive any training, Yes, I do not travel for work,Medium, Yes, Medium,Medium, Medium, Medium, No, No, Yes, No, High, Satisfied, No,1
1035, No,Female,21 to 30 , Single,Less than 5 years, Less than 5 years,Medical sector,Patient Affairs,Nurse,Less than 5000 SAR,2,Yes,Yes, No, I don't have overtime, No, No, From 1 to 3 training programs, Yes, I do not travel for work, Low, Yes, Medium,Medium, Medium,Easy, Yes, Yes, No, No, High, Satisfied,Yes,3
1036, No, Male,21 to 30 , Single,Less than 5 years, Less than 5 years,Medical sector,Patient Affairs,Pharmacist,From 11000 to 15000 S.R,1,Yes,No,Yes, Yes, Yes, No, From 1 to 3 training programs, Yes, I do not travel for work,Medium,No, High,Medium, Close,Difficult, Yes, Yes, No, Yes,Medium, Satisfied, No,3
1037, Yes, Male,31 to 40, Married, From 5 to 10 years, Less than 5 years,Medical sector,Patient Affairs,Pharmacist , From 5000 to 10000 S.R ,1,Yes,Yes,Yes, Yes, No, No, From 1 to 3 training programs, Yes, I do not travel for work,Medium,No, High,Medium,Far, Medium, Yes, Yes, Yes, No,Medium, Not satisfied,Yes,3
1039, Yes,Female,31 to 40, Married, Less than 5 years, Less than 5 years,Medical sector,Patient Affairs,Nurse,Less than 5000 SAR,0,Yes,Yes,Yes, Yes, Yes, No, From 1 to 3 training programs, Yes, I do not travel for work,Medium, Yes, Medium,Medium, Medium, Medium, Sometimes, Sometimes, No, No,Medium, Satisfied,Yes,3
1040, Yes,Female,31 to 40, Married, From 5 to 10 years,From 5 to 10 years,Medical sector,Patient Affairs,Nutrition specialist,Less than 5000 SAR,2,Yes,Yes,Yes, Yes, Yes, No, From 1 to 3 training programs, Yes, I do not travel for work,Medium, Yes, Medium, Easy, Medium,Easy, Sometimes, Yes, Yes, No, High, Very satisfied,Yes,4
1041, No, Male,31 to 40, Married,From 5 to 10 years,From 5 to 10 years,Medical sector,Patient Affairs,Pharmacist , From 5000 to 10000 S.R ,1,Yes,No,Yes, Yes, No, No, From 1 to 3 training programs, Yes, I do not travel for work,Medium,No, Medium,Medium, Close,Difficult, Yes, Yes, No, No,Medium, Not satisfied,Yes,4
1042, No,Female,21 to 30 , Single,Less than 5 years, Less than 5 years,Medical sector,Patient Affairs,Lab specialist, From 5000 to 10000 S.R ,3, No,No, No, I don't have overtime, Yes,Yes, From 1 to 3 training programs, Yes, Travel rarely,Medium, Yes, Medium,Medium, Medium,Difficult, No, No, Yes, No, High, Very satisfied, No,3
1043, No, Male,31 to 40, Married,From 5 to 10 years,From 5 to 10 years,Medical sector,Patient Affairs,pharmacist , From 5000 to 10000 S.R ,1,Yes,No,Yes, Yes, Yes, No,From 4 to 6 training programs, Yes, I do not travel for work,Medium,No,Low,Medium,Far,Difficult, Yes, Yes, Yes, No,Low, Satisfied,Yes,3
1044, Yes,Female,21 to 30 , Single, Less than 5 years, Less than 5 years,Medical sector,HR,HR Specialist , From 5000 to 10000 S.R ,2,Yes,No, No, I don't have overtime, No,Yes, From 1 to 3 training programs, Yes, I do not travel for work,Medium,No,Low,Medium,Far,Difficult, Sometimes, Sometimes, No, No,Medium, Satisfied,Yes,4
1045, No,Female,31 to 40, Single,Less than 5 years, Less than 5 years,Medical sector,Patient Affairs,nurse,Less than 5000 SAR,0,Yes,Yes, No, No, Yes, No, From 1 to 3 training programs, Yes, I do not travel for work,Medium, Yes, Medium,Medium, Medium, Medium, Sometimes, Sometimes, Yes, No,Medium, Satisfied, No,3
1046, No, Male,31 to 40, Married,From 5 to 10 years,From 5 to 10 years,Medical sector,Patient Affairs,Pharmacist, From 5000 to 10000 S.R ,1,Yes,No,Yes, Yes, No, No, From 7  training programs to more, Yes, I do not travel for work, Low,No,Low,Medium, Medium,Difficult, Yes, Yes, No, No,Low, Not satisfied, No,3
1050, Yes, Male,21 to 30 , Married, Less than 5 years, Less than 5 years,Medical sector,Patient Affairs,Pharmacist,Less than 5000 SAR,0,Yes,No,Yes, No, Yes,Yes, From 1 to 3 training programs, Yes, Travel rarely,Medium, Yes, Medium,Medium, Close,Difficult, Yes, Yes, No, No,Medium, Satisfied,Yes,3
1053, No,Female,21 to 30 , Single,Less than 5 years, Less than 5 years,Medical sector,Customers service,Customer services representative,Less than 5000 SAR,0,Yes,Yes, No, I don't have overtime, No, No, I did not receive any training,No, I do not travel for work,Medium, Yes, Medium,Medium, Close, Medium, Sometimes, Sometimes, Yes, No,Medium, Satisfied, No,3
1054, Yes,Female,21 to 30 , Married, Less than 5 years, Less than 5 years,Medical sector,Patient Affairs,Nurse,Less than 5000 SAR,2,Yes,No, No, I don't have overtime, No, No, I did not receive any training,No, I do not travel for work, Low,No, Medium,Medium, Medium, Medium, No, No, No, No,Medium, Satisfied,Yes,1
1056, No, Male,21 to 30 , Married,Less than 5 years, Less than 5 years,Medical sector,Patient Affairs,Pharmacist,From 11000 to 15000 S.R,3,Yes,Yes,Yes, Yes, Yes, No, From 7  training programs to more, Yes, Travel frequently, High, Yes, High,Medium, Close,Easy, No, No, Yes, No, High, Satisfied,Yes,3
1058, No,Female,41 to 50, Married,From 26 to 30 years,From 26 to 30 years,Medical sector,Patient Affairs,Doctor,Less than 5000 SAR,0,Yes,Yes,Yes, Yes, No, No, From 7  training programs to more, Yes, I do not travel for work, Low,No,Low, Easy, Close,Difficult, Yes, Yes, No, No,Low, Satisfied,Yes,3
1059, No,Female,21 to 30 , Single,Less than 5 years, Less than 5 years,Medical sector,Patient Affairs,Doctor,Less than 5000 SAR,1, No,Yes,Yes, Yes, No,Yes, From 1 to 3 training programs, Yes, Travel rarely,Medium, Yes, Medium,Medium,Far, Medium, Yes, Yes, Yes, Yes,Medium, Satisfied,Yes,3
1061, Yes,Female,21 to 30 , Single, Less than 5 years, Less than 5 years,Medical sector, Processes,Insurance officer,Less than 5000 SAR,0, No,No, No, No, No, No, I did not receive any training,No, I do not travel for work, Low,No,Low, Difficult,Far,Difficult, Yes, Yes, No, No,Low, Not satisfied, No,3
1062, Yes, Male,41 to 50, Married, From 11 to 15 years,From 5 to 10 years,Medical sector,Patient Affairs,Pharmacist,Less than 5000 SAR,1,Yes,Yes,Yes, Yes, Yes, No, From 1 to 3 training programs, Yes, Travel frequently, High, Yes, Medium,Medium, Medium, Medium, No, No, Yes, No,Medium, Satisfied,Yes,3
1063, Yes,Female,21 to 30 , Single, From 5 to 10 years, Less than 5 years,Medical sector,Customers service,Receptionist,Less than 5000 SAR,0, No,No, No, I don't have overtime, No, No, I did not receive any training,No, I do not travel for work, Low,No,Low, Difficult, Close,Difficult, Sometimes, Yes, No, No,Low, Not satisfied, No,1
1065, Yes,Female,21 to 30 , Married, From 5 to 10 years,From 5 to 10 years,Medical sector,Patient Affairs,Nurse,Less than 5000 SAR,0, No,No, No, I don't have overtime, No, No, I did not receive any training,No, I do not travel for work, Low,No,Low, Difficult,Far, Medium, No, No, No, Yes,Medium, Satisfied, No,3
1066, Yes, Male,21 to 30 , Single, Less than 5 years, Less than 5 years,Medical sector,Patient Affairs,Doctor,Less than 5000 SAR,1,Yes,No,Yes, Yes, No, No, I did not receive any training,No, Travel frequently, Low,No,Low,Medium, Medium, Medium, Yes, Yes, No, No,Medium, Not satisfied,Yes,3
1069, No,Female,31 to 40, Single,Less than 5 years, Less than 5 years,Medical sector, Processes,Insurance officer,Less than 5000 SAR,0, No,No, No, Yes, No, No, I did not receive any training,No, I do not travel for work, Low,No,Low, Difficult, Medium,Difficult, Yes, Yes, No, No,Low, Not satisfied, No,1
1071, No,Female,21 to 30 , Single,From 11 to 15 years, From 11 to 15 years,Medical sector,technical support,IT specialist ,Less than 5000 SAR,0,Yes,No, No, Yes, Yes,Yes, From 1 to 3 training programs,No, I do not travel for work,Medium, Yes, Medium,Medium, Close, Medium, Sometimes, Sometimes, Yes, No,Medium, Satisfied, No,3
1072, No,Female,21 to 30 , Married,Less than 5 years, Less than 5 years,Medical sector,Customers service,Receptionist, From 5000 to 10000 S.R ,0, No,No, No, I don't have overtime, No, No, I did not receive any training,No, I do not travel for work, Low,No,Low,Medium, Close,Difficult, Yes, Yes, No, Yes,Low, Not satisfied, No,3
1074, Yes,Female,21 to 30 , Single, Less than 5 years, Less than 5 years,Medical sector,Customers service,Sales representative,Less than 5000 SAR,0, No,No, No, No, No, No, I did not receive any training,No, I do not travel for work, Low,No,Low,Medium, Close,Easy, Sometimes, Yes, No, No,Medium, Not satisfied, No,1
1075, No,Female,21 to 30 , Single,Less than 5 years, Less than 5 years,Medical sector, Administration,Administrative manager, From 5000 to 10000 S.R ,1,Yes,Yes, No, I don't have overtime, Yes,Yes, From 1 to 3 training programs, Yes, Travel rarely, High, Yes, Medium,Medium, Medium, Medium, No, Yes, Yes, No,Medium, Satisfied,Yes,3
1077, No,Female,21 to 30 , Single,Less than 5 years, Less than 5 years,Medical sector,Patient Affairs,Nurse,Less than 5000 SAR,2, No,Yes,Yes, Yes, Yes,Yes, From 7  training programs to more, Yes, Travel rarely, High, Yes, High,Medium, Medium, Medium, Sometimes, Sometimes, Yes, No,Medium, Satisfied, No,3
1078, No, Male,41 to 50, Married,From 11 to 15 years, From 11 to 15 years,Medical sector,Patient Affairs,Doctor,From 11000 to 15000 S.R,1,Yes,No, No, Yes, No, No,From 4 to 6 training programs, Yes, I do not travel for work, Low,No, Medium,Medium, Medium, Medium, No, No, No, No,Medium, Satisfied,Yes,3
1079, Yes, Male,21 to 30 , Married, From 5 to 10 years, Less than 5 years,Medical sector, Administration,Administrative manager, From 5000 to 10000 S.R ,1,Yes,Yes,Yes, Yes, Yes,Yes, From 1 to 3 training programs, Yes, I do not travel for work,Medium,No, High,Medium, Medium, Medium, Yes, No, No, No,Medium, Satisfied,Yes,3
1080, Yes,Female,21 to 30 , Married, Less than 5 years, Less than 5 years,Medical sector,Patient Affairs,Nurse ,Less than 5000 SAR,1,Yes,Yes, No, Yes, No,Yes, From 1 to 3 training programs, Yes, Travel rarely,Medium, Yes, Medium,Medium, Medium, Medium, No, Yes, Yes, No,Low, Satisfied,Yes,1
1081, Yes,Female,21 to 30 , Single, From 5 to 10 years,From 5 to 10 years,Medical sector, Processes,Supervisor,Less than 5000 SAR,0,Yes,No, No, Yes, No, No, From 1 to 3 training programs, Yes, I do not travel for work, Low,No, High,Medium, Close,Difficult, Yes, Yes, No, No, High, Very satisfied,Yes,1
1082, No, Male,21 to 30 , Single,Less than 5 years, Less than 5 years,Medical sector,Patient Affairs,Pharmacist ,Less than 5000 SAR,2,Yes,No,Yes, Yes, No, No, From 1 to 3 training programs, Yes, I do not travel for work,Medium,No,Low,Medium, Close,Difficult, Yes, Yes, No, Yes,Medium, Not satisfied, No,3
1083, No,Female,31 to 40, Married,Less than 5 years, Less than 5 years,Medical sector,Customers service,Sales representative,Less than 5000 SAR,0, No,No, No, I don't have overtime, No, No, I did not receive any training,No, I do not travel for work, Low,No,Low, Difficult, Close,Easy, No, No, No, No,Medium, Satisfied, No,3
1085, No,Female,21 to 30 , Single,Less than 5 years, Less than 5 years,Medical sector,Patient Affairs,Nurse,Less than 5000 SAR,1,Yes,Yes,Yes, Yes, No,Yes, I did not receive any training,No, I do not travel for work, High, Yes, Medium,Medium, Medium, Medium, Sometimes, Sometimes, Yes, No,Medium, Satisfied, No,1
1094, No,Female,31 to 40, Divorced,From 5 to 10 years,From 5 to 10 years,Medical sector,Patient Affairs,Nurse,Less than 5000 SAR,2,Yes,Yes,Yes, Yes, Yes,Yes,From 4 to 6 training programs, Yes, Travel rarely,Medium, Yes, Medium,Medium, Medium,Difficult, No, No, Yes, Yes, High, Very satisfied,Yes,3
1095, No,Female,31 to 40, Single,From 5 to 10 years,From 5 to 10 years,Medical sector,Patient Affairs,Nurse,Less than 5000 SAR,0, No,No, No, No, No, No, I did not receive any training,No, Travel rarely, Low,No,Low, Difficult,Far,Difficult, Yes, No, Yes, Yes, High, Very satisfied,Yes,3
1096, No, Male,21 to 30 , Single,Less than 5 years, Less than 5 years,Medical sector,Patient Affairs,Pharmacist, From 5000 to 10000 S.R ,2,Yes,Yes,Yes, Yes, Yes,Yes, From 7  training programs to more, Yes, Travel frequently, High, Yes, High, Easy, Close, Medium, Sometimes, Sometimes, Yes, No, High, Very satisfied, No,3
1098, No,Female,21 to 30 , Single,Less than 5 years, Less than 5 years,Medical sector,Patient Affairs,Pharmacist,Less than 5000 SAR,0,Yes,No,Yes, I don't have overtime, No, No, I did not receive any training,No, I do not travel for work, Low,No, High,Medium,Far,Difficult, Yes, Yes, No, No,Medium, Not satisfied, No,3
1099, No, Male,21 to 30 , Single,Less than 5 years, Less than 5 years,Medical sector,Safety & Security ,Security and safety specialist,Less than 5000 SAR,0,Yes,No, No, Yes, No, No, I did not receive any training,No, I do not travel for work,Medium,No, Medium,Medium, Medium, Medium, Sometimes, Yes, No, No,Medium, Not satisfied, No,1
1101, No, Male,41 to 50, Married,From 16 to 20 years, From 16 to 20 years,Medical sector, Administration,Administrative manager,From 11000 to 15000 S.R,3, No,Yes, No, I don't have overtime, Yes,Yes, From 1 to 3 training programs, Yes, I do not travel for work, High, Yes, High,Medium, Medium, Medium, No, No, Yes, No, High, Very satisfied,Yes,1
1103, Yes,Female,41 to 50, Married, From 5 to 10 years, Less than 5 years,Medical sector,Safety & Security ,Security and safety specialist,Less than 5000 SAR,0, No,No, No, Yes, No, No, From 1 to 3 training programs, Yes, Travel frequently, Low,No,Low,Medium, Medium,Difficult, Yes, Sometimes, No, Yes,Medium, Satisfied,Yes,3
1104, Yes, Male,41 to 50, Married, From 11 to 15 years, Less than 5 years,Medical sector, Administration,Administrative manager, From 5000 to 10000 S.R ,1,Yes,No, No, No, No, No, I did not receive any training,No, I do not travel for work,Medium, Yes, High, Easy,Far, Medium, No, Yes, No, No,Medium, Satisfied, No,4
1107, No, Male,21 to 30 , Single,Less than 5 years, Less than 5 years,Medical sector,Patient Affairs,Dentist, From 5000 to 10000 S.R ,1, No,No, No, I don't have overtime, No, No, I did not receive any training,No, I do not travel for work,Medium,No, Medium,Medium,Far, Medium, Sometimes, Yes, No, No, High, Satisfied, No,3
1108, No, Male,21 to 30 , Married,From 5 to 10 years,From 5 to 10 years,Medical sector,Patient Affairs,Nurse,Less than 5000 SAR,1,Yes,Yes, No, I don't have overtime, Yes,Yes, From 1 to 3 training programs, Yes, I do not travel for work, High, Yes, High, Easy, Close,Easy, No, No, Yes, No, High, Very satisfied, No,1
1110, No,Female,21 to 30 , Single,Less than 5 years, Less than 5 years,Medical sector,Patient Affairs,Nurse,Less than 5000 SAR,0,Yes,No, No, Yes, No, No, From 1 to 3 training programs,No, I do not travel for work, Low, Yes, Medium,Medium, Close,Difficult, Yes, Sometimes, Yes, No,Medium, Satisfied,Yes,3
1112, Yes,Female,41 to 50, Divorced, From 5 to 10 years, Less than 5 years,Medical sector, Administration,Secretariat,Less than 5000 SAR,0,Yes,No, No, I don't have overtime, No, No, I did not receive any training,No, I do not travel for work, Low,No,Low,Medium,Far,Easy, No, No, No, No,Medium, Not satisfied, No,3
1114, No, Male,21 to 30 , Single,Less than 5 years, Less than 5 years,Medical sector,Patient Affairs,Dentist, From 5000 to 10000 S.R ,0,Yes,Yes,Yes, Yes, No, No, I did not receive any training,No, I do not travel for work,Medium, Yes, Medium,Medium, Medium, Medium, Sometimes, Sometimes, No, No,Medium, Satisfied, No,3
1115, No, Male,21 to 30 , Married,Less than 5 years, Less than 5 years,Medical sector,Patient Affairs,Pharmacist ,Less than 5000 SAR,1,Yes,No,Yes, Yes, No, No, From 1 to 3 training programs,No, I do not travel for work,Medium,No, Medium,Medium, Medium, Medium, Yes, Yes, No, No,Medium, Satisfied, No,3
1116, No, Male,31 to 40, Married,Less than 5 years, Less than 5 years,Medical sector, Administration,Administrative manager, From 5000 to 10000 S.R ,2,Yes,No,Yes, No, No, No, I did not receive any training,No, I do not travel for work, Low, Yes, Medium,Medium, Close, Medium, Sometimes, Yes, No, No,Medium, Satisfied, No,3
1117, No, Male,21 to 30 , Married,Less than 5 years, Less than 5 years,Medical sector,Patient Affairs,Pharmacist , From 5000 to 10000 S.R ,2,Yes,Yes,Yes, Yes, Yes,Yes,From 4 to 6 training programs, Yes, Travel rarely, High,No, High,Medium, Medium,Easy, Yes, Yes, No, No,Medium, Satisfied, No,3
1118, No,Female,31 to 40, Married,Less than 5 years, Less than 5 years,Medical sector,HR,HR Specialist , From 5000 to 10000 S.R ,2,Yes,No, No, I don't have overtime, Yes,Yes, From 1 to 3 training programs, Yes, I do not travel for work, Low, Yes, High,Medium,Far, Medium, Sometimes, Sometimes, Yes, No, High, Satisfied, No,3
1119, No, Male,21 to 30 , Single,Less than 5 years, Less than 5 years,Medical sector,Patient Affairs,Dentist, From 5000 to 10000 S.R ,1,Yes,No,Yes, No, No, No, From 1 to 3 training programs, Yes, Travel rarely,Medium,No, High,Medium, Medium, Medium, Yes, Yes, No, No,Medium, Not satisfied,Yes,3
1121, Yes, Male,21 to 30 , Single, Less than 5 years, Less than 5 years,Medical sector,Patient Affairs,Receptionist, From 5000 to 10000 S.R ,2,Yes,No, No, I don't have overtime, No, No, From 1 to 3 training programs,No, I do not travel for work,Medium,No, Medium, Difficult, Close,Difficult, Yes, Yes, No, No,Low, Not satisfied,Yes,3
1122, No, Male,21 to 30 , Single,Less than 5 years, Less than 5 years,Medical sector,Patient Affairs,Dentist,Less than 5000 SAR,1, No,No, No, I don't have overtime, No, No, I did not receive any training,No, I do not travel for work,Medium,No, Medium,Medium,Far,Difficult, Yes, Yes, No, No,Medium, Not satisfied,Yes,3
1123, Yes, Male,31 to 40, Single, Less than 5 years, Less than 5 years,Medical sector,Patient Affairs,Doctor, From 5000 to 10000 S.R ,1, No,No, No, No, No, No, From 1 to 3 training programs,No, Travel rarely, Low, Yes,Low, Easy, Medium, Medium, Yes, Yes, No, No,Low, Very satisfied, No,3
1127, No, Male,21 to 30 , Single,Less than 5 years, Less than 5 years,Medical sector,Patient Affairs,Dentist,Less than 5000 SAR,0, No,No, No, I don't have overtime, No,Yes, From 1 to 3 training programs,No, I do not travel for work,Medium, Yes,Low,Medium, Medium, Medium, Yes, Yes, No, Yes,Medium, Satisfied,Yes,3
1129, No, Male,21 to 30 , Single,Less than 5 years, Less than 5 years,Medical sector,Patient Affairs,Pharmacist , From 5000 to 10000 S.R ,1,Yes,No,Yes, Yes, No, No, From 7  training programs to more, Yes, I do not travel for work, High,No, High, Easy,Far,Easy, Yes, Yes, Yes, No, High, Very satisfied,Yes,3
1131, No, Male,21 to 30 , Married,From 5 to 10 years,From 5 to 10 years,Medical sector,Patient Affairs,Pharmacist , From 5000 to 10000 S.R ,1,Yes,No, No, I don't have overtime, Yes, No, From 1 to 3 training programs, Yes, Travel rarely,Medium, Yes, Medium,Medium, Medium, Medium, Sometimes, Sometimes, Yes, No,Medium, Satisfied, No,3
1133, Yes, Male,31 to 40, Married, From 11 to 15 years,From 5 to 10 years,Medical sector,Patient Affairs,Doctor,Less than 5000 SAR,1,Yes,No,Yes, Yes, Yes,Yes, From 1 to 3 training programs, Yes, Travel rarely,Medium, Yes, Medium,Medium, Medium, Medium, Sometimes, Sometimes, No, No,Medium, Satisfied,Yes,3
1134, Yes,Female,21 to 30 , Single, Less than 5 years, Less than 5 years,Medical sector,technical support,IT specialist ,Less than 5000 SAR,0, No,No,Yes, No, No, No, From 1 to 3 training programs, Yes, I do not travel for work, Low,No,Low, Easy,Far,Difficult, Yes, Yes, No, Yes,Low, Satisfied, No,3
1135, No,Female,31 to 40, Married,From 5 to 10 years,From 5 to 10 years,Medical sector,Patient Affairs,Nurse,Less than 5000 SAR,1,Yes,No,Yes, Yes, Yes,Yes, From 1 to 3 training programs, Yes, I do not travel for work,Medium, Yes, Medium,Medium, Close,Easy, Sometimes, Sometimes, Yes, No, High, Satisfied,Yes,3
1136, Yes,Female,21 to 30 , Married, Less than 5 years, Less than 5 years,Medical sector,Patient Affairs,Pharmacist , From 5000 to 10000 S.R ,0, No,Yes, No, No, No,Yes, I did not receive any training,No, I do not travel for work, Low,No, Medium,Medium, Close,Difficult, Yes, Yes, No, No,Low, Not satisfied,Yes,3
1137, No,Female,31 to 40, Married,Less than 5 years, Less than 5 years,Medical sector,Patient Affairs,Dentist, From 5000 to 10000 S.R ,2, No,Yes, No, I don't have overtime, Yes,Yes, I did not receive any training,No, I do not travel for work, High, Yes, High, Easy, Close, Medium, Sometimes, No, Yes, No, High, Very satisfied,Yes,3
1146, Yes, Male,21 to 30 , Single, Less than 5 years, Less than 5 years,Medical sector,Patient Affairs,Lab specialist, From 5000 to 10000 S.R ,0,Yes,No,Yes, Yes, No, No, I did not receive any training,No, I do not travel for work, Low,No, Medium,Medium,Far,Difficult, Sometimes, Yes, No, No,Low, Not satisfied, No,3
1147, No,Female,31 to 40, Married,Less than 5 years, Less than 5 years,Medical sector,Patient Affairs,Nurse,Less than 5000 SAR,0,Yes,No,Yes, Yes, Yes, No, From 1 to 3 training programs, Yes, I do not travel for work,Medium, Yes, Medium,Medium, Close,Easy, No, No, Yes, No, High, Very satisfied,Yes,1
1149, No,Female,41 to 50, Married,From 5 to 10 years,From 5 to 10 years,Medical sector, Administration,Manger assistant, From 5000 to 10000 S.R ,1,Yes,No, No, I don't have overtime, No, No, From 1 to 3 training programs, Yes, Travel rarely,Medium, Yes, Medium,Medium, Close, Medium, Yes, Yes, No, No,Medium, Satisfied,Yes,3
1151, No, Male,41 to 50, Married,Less than 5 years, Less than 5 years,Medical sector,Patient Affairs,Doctor,From 11000 to 15000 S.R,1,Yes,Yes, No, Yes, Yes,Yes, From 1 to 3 training programs, Yes, Travel rarely, High, Yes, High, Easy, Close,Easy, No, No, Yes, No, High, Very satisfied, No,4
1152, Yes,Female,21 to 30 , Single, From 5 to 10 years, Less than 5 years,Medical sector, Administration,Supervisor, From 5000 to 10000 S.R ,1, No,Yes,Yes, Yes, Yes,Yes, From 1 to 3 training programs, Yes, Travel rarely, High, Yes, High,Medium, Medium,Difficult, No, Sometimes, Yes, No, High, Very satisfied,Yes,4
1153, Yes, Male,21 to 30 , Single, Less than 5 years, Less than 5 years,Medical sector, Processes,Sales representative,Less than 5000 SAR,0,Yes,No,Yes, Yes, No, No, From 1 to 3 training programs,No, I do not travel for work, Low,No,Low,Medium,Far, Medium, No, Yes, Yes, Yes,Medium, Very satisfied, No,3
1154, No, Male,31 to 40, Single,Less than 5 years, Less than 5 years,Medical sector,Safety & Security ,Security and safety specialist,Less than 5000 SAR,0, No,No, No, I don't have overtime, Yes,Yes, From 1 to 3 training programs, Yes, I do not travel for work, Low, Yes, Medium, Easy, Close,Easy, No, No, Yes, No, High, Very satisfied, No,1
1155, No,Female,21 to 30 , Single,Less than 5 years, Less than 5 years,Medical sector,Patient Affairs,Radiographer,Less than 5000 SAR,0,Yes,No, No, Yes, No, No, I did not receive any training,No, I do not travel for work,Medium,No,Low, Difficult,Far, Medium, Yes, Yes, No, No, High, Satisfied,Yes,1
1157, Yes, Male,31 to 40, Married, From 5 to 10 years, Less than 5 years,Medical sector,Patient Affairs,Doctor, From 16000 to 20000 S.R,1,Yes,No,Yes, No, No, No, From 1 to 3 training programs,No, Travel frequently, Low,No, Medium,Medium, Close,Difficult, Yes, Yes, No, No,Medium, Satisfied,Yes,4
1159, No, Male,31 to 40, Single,Less than 5 years, Less than 5 years,Medical sector,Patient Affairs,Dentist, From 5000 to 10000 S.R ,0,Yes,No, No, I don't have overtime, No, No, From 1 to 3 training programs, Yes, I do not travel for work,Medium, Yes, Medium,Medium,Far, Medium, Sometimes, Sometimes, No, No,Medium, Satisfied, No,3
1160, No,Female,31 to 40, Married,Less than 5 years, Less than 5 years,Medical sector,Patient Affairs,Doctor, S.R 31000 - and more,2, No,No,Yes, Yes, Yes,Yes, From 1 to 3 training programs, Yes, I do not travel for work,Medium, Yes, Medium,Medium,Far, Medium, Sometimes, Sometimes, Yes, No,Medium, Satisfied,Yes,3
1161, Yes,Female,21 to 30 , Married, From 5 to 10 years, Less than 5 years,Medical sector,Patient Affairs,Nurse,Less than 5000 SAR,3,Yes,Yes,Yes, Yes, Yes,Yes, From 1 to 3 training programs, Yes, Travel frequently, High, Yes, High, Difficult, Medium,Easy, No, Yes, Yes, Yes, High, Very satisfied,Yes,1
1162, No,Female,41 to 50, Married,From 5 to 10 years,From 5 to 10 years,Medical sector,Patient Affairs,Nurse,Less than 5000 SAR,0, No,No, No, Yes, Yes,Yes, From 1 to 3 training programs,No, I do not travel for work, High, Yes, Medium, Easy, Close,Difficult, Sometimes, Yes, Yes, No,Medium, Satisfied, No,1
1163, Yes,Female,31 to 40, Married, Less than 5 years, Less than 5 years,Medical sector, Sales,Sales representative, From 5000 to 10000 S.R ,2,Yes,No, No, I don't have overtime, Yes, No, I did not receive any training,No, I do not travel for work, Low,No,Low, Easy, Close, Medium, Yes, Yes, No, No,Medium, Very satisfied,Yes,3
1166, Yes,Female,41 to 50, Married,From 16 to 20 years, Less than 5 years,Medical sector,Patient Affairs,Lab specialist,From 11000 to 15000 S.R,2,Yes,Yes, No, I don't have overtime, Yes,Yes, From 1 to 3 training programs, Yes, I do not travel for work,Medium, Yes, High, Easy, Close,Easy, Sometimes, No, Yes, No, High, Very satisfied,Yes,4
1167, Yes,Female,21 to 30 , Married, From 5 to 10 years, Less than 5 years,Medical sector, Administration,Supervisor,Less than 5000 SAR,1, No,Yes,Yes, Yes, Yes, No, From 1 to 3 training programs, Yes, I do not travel for work,Medium,No, Medium,Medium,Far,Difficult, Yes, Yes, No, No,Medium, Satisfied,Yes,3
1168, No,Female,41 to 50, Married,From 5 to 10 years,From 5 to 10 years,Medical sector,Patient Affairs,Doctor, From 5000 to 10000 S.R ,0, No,No, No, I don't have overtime, No, No, I did not receive any training,No, I do not travel for work, Low,No,Low, Difficult, Close, Medium, Yes, Yes, No, No,Low, Not satisfied, No,3
1169, No,Female,31 to 40, Married,From 5 to 10 years,From 5 to 10 years,Medical sector,Patient Affairs,nurse,Less than 5000 SAR,1,Yes,No,Yes, Yes, Yes,Yes,From 4 to 6 training programs, Yes, I do not travel for work, High, Yes, High, Easy, Medium,Easy, Sometimes, Sometimes, Yes, No, High, Very satisfied,Yes,3
1174, No, Male,41 to 50, Married,From 5 to 10 years,From 5 to 10 years,Medical sector,Patient Affairs,Doctor,From 11000 to 15000 S.R,1,Yes,Yes,Yes, Yes, Yes,Yes, I did not receive any training,No, I do not travel for work, Low,No, Medium,Medium, Close, Medium, Sometimes, Sometimes, Yes, No,Medium, Satisfied,Yes,4
1175, No,Female,31 to 40, Married,From 5 to 10 years,From 5 to 10 years,Medical sector,Patient Affairs,Dentist, From 16000 to 20000 S.R,1,Yes,Yes, No, Yes, Yes, No, I did not receive any training,No, Travel rarely,Medium, Yes, High,Medium, Medium,Difficult, Yes, Yes, Yes, Yes,Medium, Satisfied,Yes,3
1176, Yes,Female,21 to 30 , Married, From 5 to 10 years, Less than 5 years,Medical sector,Patient Affairs,Nurse,Less than 5000 SAR,0, No,No,Yes, Yes, No, No, I did not receive any training,No, Travel rarely, High, Yes, High,Medium,Far,Difficult, Yes, Yes, Yes, Yes,Medium, Satisfied,Yes,3
1177, No,Female,21 to 30 , Married,Less than 5 years, Less than 5 years,Medical sector,Patient Affairs,nurse,Less than 5000 SAR,0,Yes,Yes, No, No, No, No, From 1 to 3 training programs, Yes, Travel rarely,Medium, Yes, Medium,Medium, Medium, Medium, No, Sometimes, Yes, No,Low, Satisfied,Yes,3
1178, No,Female,31 to 40, Single,Less than 5 years, Less than 5 years,Medical sector,Patient Affairs,nurse,Less than 5000 SAR,0, No,No,Yes, Yes, Yes,Yes, I did not receive any training, Yes, I do not travel for work, High, Yes, Medium,Medium, Close,Easy, No, Sometimes, No, No,Low, Not satisfied,Yes,1
1179, No, Male,21 to 30 , Married,From 5 to 10 years,From 5 to 10 years,Medical sector,technical support,IT specialist ,Less than 5000 SAR,0,Yes,No, No, I don't have overtime, No, No, I did not receive any training,No, I do not travel for work, Low,No, Medium, Easy, Close,Easy, Yes, Yes, No, Yes,Medium, Not satisfied,Yes,3
1180, Yes, Male,31 to 40, Single, From 11 to 15 years,From 5 to 10 years,Medical sector,Patient Affairs,Nurse,Less than 5000 SAR,1,Yes,Yes,Yes, Yes, No,Yes, From 1 to 3 training programs, Yes, Travel rarely,Medium, Yes, Medium,Medium, Medium, Medium, Sometimes, No, No, No,Medium, Satisfied,Yes,4
1181, Yes,Female,31 to 40, Married, From 11 to 15 years, Less than 5 years,Medical sector,Patient Affairs,Nurse,Less than 5000 SAR,3,Yes,Yes,Yes, Yes, Yes,Yes, From 1 to 3 training programs, Yes, I do not travel for work, High, Yes, High,Medium, Close,Easy, No, No, Yes, No, High, Very satisfied,Yes,1
1182, Yes,Female,31 to 40, Married, From 11 to 15 years, Less than 5 years,Medical sector,Patient Affairs,Radiographer,Less than 5000 SAR,0,Yes,No, No, Yes, Yes,Yes, From 7  training programs to more, Yes, I do not travel for work, High, Yes, High, Difficult, Medium, Medium, No, No, No, No, High, Very satisfied,Yes,3
1184, No,Female,41 to 50, Married,From 5 to 10 years,From 5 to 10 years,Medical sector,Patient Affairs,Nurse,Less than 5000 SAR,1,Yes,No,Yes, Yes, No, No, From 1 to 3 training programs, Yes, I do not travel for work,Medium, Yes, High,Medium, Close,Easy, Sometimes, No, Yes, No, High, Satisfied, No,3
1185, No, Male,21 to 30 , Single,Less than 5 years, Less than 5 years,Medical sector, Administration,Administrative manager,Less than 5000 SAR,0,Yes,No,Yes, Yes, No, No, From 1 to 3 training programs, Yes, Travel rarely, Low,No,Low,Medium, Medium, Medium, Yes, Yes, No, No,Medium, Not satisfied, No,3
1188, No,Female,21 to 30 , Married,Less than 5 years, Less than 5 years,Medical sector,Patient Affairs,Nurse,Less than 5000 SAR,2,Yes,Yes,Yes, Yes, Yes,Yes, From 7  training programs to more, Yes, I do not travel for work, High, Yes, High,Medium, Medium, Medium, Sometimes, Sometimes, Yes, No, High, Satisfied, No,3
1189, No,Female,31 to 40, Married,From 5 to 10 years,From 5 to 10 years,Medical sector,Patient Affairs,Nurse,Less than 5000 SAR,0, No,No, No, I don't have overtime, No, No, I did not receive any training,No, I do not travel for work, Low,No,Low,Medium, Medium, Medium, Sometimes, Sometimes, No, No,Low, Not satisfied, No,3
1191, No,Female,21 to 30 , Single,From 5 to 10 years,From 5 to 10 years,Medical sector,Customers service,Receptionist, From 5000 to 10000 S.R ,0, No,No, No, I don't have overtime, Yes,Yes, I did not receive any training, Yes, I do not travel for work, High, Yes, Medium,Medium, Close, Medium, Sometimes, No, Yes, Yes,Medium, Satisfied, No,1
1194, No,Female,31 to 40, Married,From 5 to 10 years,From 5 to 10 years,Medical sector,Customers service,Receptionist,Less than 5000 SAR,0, No,No, No, I don't have overtime, No, No, I did not receive any training,No, I do not travel for work, Low,No, Medium,Medium, Medium, Medium, Sometimes, Sometimes, No, No,Medium, Satisfied, No,3
1197, No,Female,31 to 40, Married,From 5 to 10 years,From 5 to 10 years,Medical sector,Patient Affairs,Nurse,Less than 5000 SAR,3,Yes,Yes, No, I don't have overtime, Yes,Yes, I did not receive any training, Yes, Travel rarely,Medium, Yes, High,Medium, Close,Easy, No, No, Yes, No,Medium, Satisfied,Yes,3
1199, No,Female,21 to 30 , Married,Less than 5 years, Less than 5 years,Medical sector,Patient Affairs,Nurse,Less than 5000 SAR,1,Yes,Yes,Yes, I don't have overtime, Yes,Yes, I did not receive any training, Yes, I do not travel for work,Medium, Yes, High,Medium, Close,Easy, Sometimes, No, Yes, No,Medium, Satisfied, No,3
1200, No, Male,21 to 30 , Single,From 5 to 10 years,From 5 to 10 years,Medical sector,Customers service,Receptionist, From 5000 to 10000 S.R ,0,Yes,No, No, I don't have overtime, Yes,Yes,From 4 to 6 training programs, Yes, I do not travel for work,Medium, Yes, Medium,Medium, Medium, Medium, No, No, Yes, No,Medium, Satisfied, No,1
1202, No, Male,21 to 30 , Single,Less than 5 years, Less than 5 years,Medical sector,Patient Affairs,Nurse,Less than 5000 SAR,0, No,No, No, I don't have overtime, Yes,Yes, From 7  training programs to more, Yes, Travel rarely, High, Yes, High, Easy, Close,Easy, No, No, Yes, No,Medium, Satisfied, No,3
1204, No, Male,21 to 30 , Single,From 5 to 10 years,From 5 to 10 years,Medical sector, Processes,Supervisor,From 11000 to 15000 S.R,2,Yes,No,Yes, No, Yes,Yes, From 7  training programs to more, Yes, Travel rarely,Medium, Yes, High,Medium, Medium, Medium, No, No, Yes, No,Medium, Satisfied,Yes,3
1208, No, Male,21 to 30 , Single,From 5 to 10 years,From 5 to 10 years,Medical sector,Customers service,Receptionist, From 5000 to 10000 S.R ,0,Yes,Yes,Yes, Yes, Yes,Yes,From 4 to 6 training programs, Yes, I do not travel for work,Medium, Yes, Medium,Medium, Medium, Medium, No, No, Yes, No,Medium, Very satisfied,Yes,1
1209, No,Female,21 to 30 , Married,From 5 to 10 years,From 5 to 10 years,Medical sector,Administration,Manger assistant,Less than 5000 SAR,0,Yes,No, No, I don't have overtime, No, No, From 7  training programs to more, Yes, Travel rarely,Medium, Yes, Medium,Medium, Medium, Medium, No, No, Yes, No,Medium, Satisfied, No,3
